{"dn_played": 864, "donothing_reward": 225719.18380737305, "donothing_nodisc_reward": 225719.18380737305}