{"dn_played": 805, "donothing_reward": 230511.11108398438, "donothing_nodisc_reward": 252453.5430908203}