{"dn_played": 229, "donothing_reward": 73235.32983398438, "donothing_nodisc_reward": 261359.57443237305}