{"dn_played": 864, "donothing_reward": 232076.3429260254, "donothing_nodisc_reward": 232076.3429260254}