{"dn_played": 864, "donothing_reward": 213990.00213623047, "donothing_nodisc_reward": 213990.00213623047}