{"dn_played": 864, "donothing_reward": 224369.2399597168, "donothing_nodisc_reward": 224369.2399597168}