{"dn_played": 805, "donothing_reward": 224919.23944091797, "donothing_nodisc_reward": 247809.55535888672}