{"dn_played": 517, "donothing_reward": 156081.9619140625, "donothing_nodisc_reward": 277544.35287475586}