{"dn_played": 229, "donothing_reward": 65825.1618347168, "donothing_nodisc_reward": 281802.33337402344}