{"dn_played": 90, "donothing_reward": 27106.894622802734, "donothing_nodisc_reward": 288093.6474609375}