{"dn_played": 230, "donothing_reward": 72484.7631225586, "donothing_nodisc_reward": 262414.2153930664}