{"dn_played": 864, "donothing_reward": 231438.7240600586, "donothing_nodisc_reward": 231438.7240600586}