{"dn_played": 517, "donothing_reward": 155090.74349975586, "donothing_nodisc_reward": 270033.818359375}