{"dn_played": 864, "donothing_reward": 213363.2257080078, "donothing_nodisc_reward": 213363.2257080078}