{"dn_played": 719, "donothing_reward": 196392.43325805664, "donothing_nodisc_reward": 248087.0655822754}