{"dn_played": 431, "donothing_reward": 119461.13977050781, "donothing_nodisc_reward": 262036.41662597656}