{"dn_played": 143, "donothing_reward": 40128.335510253906, "donothing_nodisc_reward": 273738.9530944824}