{"dn_played": 864, "donothing_reward": 262038.43643188477, "donothing_nodisc_reward": 262038.43643188477}