{"dn_played": 229, "donothing_reward": 71150.06768798828, "donothing_nodisc_reward": 274883.94271850586}