{"dn_played": 232, "donothing_reward": 72338.29782104492, "donothing_nodisc_reward": 257509.1065979004}