{"dn_played": 864, "donothing_reward": 227312.23602294922, "donothing_nodisc_reward": 227312.23602294922}