{"dn_played": 864, "donothing_reward": 211595.23651123047, "donothing_nodisc_reward": 211595.23651123047}