{"dn_played": 807, "donothing_reward": 198784.86932373047, "donothing_nodisc_reward": 219689.71603393555}