{"dn_played": 519, "donothing_reward": 135981.09704589844, "donothing_nodisc_reward": 251444.3376159668}