{"dn_played": 231, "donothing_reward": 62907.29638671875, "donothing_nodisc_reward": 265294.1552734375}