{"dn_played": 519, "donothing_reward": 125701.93948364258, "donothing_nodisc_reward": 227563.36380004883}