{"dn_played": 807, "donothing_reward": 243993.20977783203, "donothing_nodisc_reward": 264993.8236999512}