{"dn_played": 864, "donothing_reward": 219144.6482849121, "donothing_nodisc_reward": 219144.6482849121}