{"dn_played": 814, "donothing_reward": 238772.4483642578, "donothing_nodisc_reward": 256906.95343017578}