{"dn_played": 864, "donothing_reward": 215700.98922729492, "donothing_nodisc_reward": 215700.98922729492}