{"dn_played": 519, "donothing_reward": 152630.62310791016, "donothing_nodisc_reward": 261149.17388916016}