{"dn_played": 808, "donothing_reward": 264436.4066467285, "donothing_nodisc_reward": 284985.4930114746}