{"dn_played": 231, "donothing_reward": 76562.76086425781, "donothing_nodisc_reward": 247258.5285949707}