{"dn_played": 864, "donothing_reward": 226305.90377807617, "donothing_nodisc_reward": 226305.90377807617}