{"dn_played": 231, "donothing_reward": 68343.89505004883, "donothing_nodisc_reward": 262579.23278808594}