{"dn_played": 807, "donothing_reward": 202403.98233032227, "donothing_nodisc_reward": 224139.4776916504}