{"dn_played": 91, "donothing_reward": 26061.91796875, "donothing_nodisc_reward": 229241.74453735352}