{"dn_played": 864, "donothing_reward": 212361.43829345703, "donothing_nodisc_reward": 212361.43829345703}