{"dn_played": 807, "donothing_reward": 231476.9275817871, "donothing_nodisc_reward": 251250.74493408203}