{"dn_played": 91, "donothing_reward": 27139.633422851562, "donothing_nodisc_reward": 262908.89053344727}