{"dn_played": 864, "donothing_reward": 223831.3670349121, "donothing_nodisc_reward": 223831.3670349121}