{"dn_played": 520, "donothing_reward": 173396.29891967773, "donothing_nodisc_reward": 277777.8161621094}