{"dn_played": 526, "donothing_reward": 162215.5687866211, "donothing_nodisc_reward": 275038.5598754883}