{"dn_played": 864, "donothing_reward": 257379.04220581055, "donothing_nodisc_reward": 257379.04220581055}