{"dn_played": 519, "donothing_reward": 163867.2808227539, "donothing_nodisc_reward": 272464.34341430664}