{"dn_played": 232, "donothing_reward": 73063.19985961914, "donothing_nodisc_reward": 255532.96844482422}