{"dn_played": 864, "donothing_reward": 251163.56323242188, "donothing_nodisc_reward": 251163.56323242188}