{"dn_played": 864, "donothing_reward": 226282.5473022461, "donothing_nodisc_reward": 226282.5473022461}