{"dn_played": 231, "donothing_reward": 61814.8655090332, "donothing_nodisc_reward": 250980.80978393555}