{"dn_played": 238, "donothing_reward": 73451.34652709961, "donothing_nodisc_reward": 282000.94833374023}