{"dn_played": 864, "donothing_reward": 244710.67321777344, "donothing_nodisc_reward": 244710.67321777344}