{"dn_played": 694, "donothing_reward": 200200.78637695312, "donothing_nodisc_reward": 249439.0153503418}