{"dn_played": 864, "donothing_reward": 225882.34802246094, "donothing_nodisc_reward": 225882.34802246094}