{"dn_played": 864, "donothing_reward": 229251.5135192871, "donothing_nodisc_reward": 229251.5135192871}