{"dn_played": 864, "donothing_reward": 244455.7568359375, "donothing_nodisc_reward": 244455.7568359375}