{"dn_played": 816, "donothing_reward": 208976.68069458008, "donothing_nodisc_reward": 223367.32223510742}