{"dn_played": 864, "donothing_reward": 217168.95874023438, "donothing_nodisc_reward": 217168.95874023438}