{"dn_played": 864, "donothing_reward": 221673.09814453125, "donothing_nodisc_reward": 221673.09814453125}