{"dn_played": 864, "donothing_reward": 242141.7855834961, "donothing_nodisc_reward": 242141.7855834961}