{"dn_played": 864, "donothing_reward": 237640.23956298828, "donothing_nodisc_reward": 237640.23956298828}