{"dn_played": 240, "donothing_reward": 64085.11346435547, "donothing_nodisc_reward": 246722.46719360352}