{"dn_played": 864, "donothing_reward": 218377.37197875977, "donothing_nodisc_reward": 218377.37197875977}