{"dn_played": 864, "donothing_reward": 224045.92147827148, "donothing_nodisc_reward": 224045.92147827148}