{"dn_played": 864, "donothing_reward": 248372.99041748047, "donothing_nodisc_reward": 248372.99041748047}