{"dn_played": 406, "donothing_reward": 119668.14584350586, "donothing_nodisc_reward": 234622.40814208984}