{"dn_played": 864, "donothing_reward": 256560.06698608398, "donothing_nodisc_reward": 256560.06698608398}