{"dn_played": 864, "donothing_reward": 237391.85470581055, "donothing_nodisc_reward": 237391.85470581055}