{"dn_played": 864, "donothing_reward": 252268.70468139648, "donothing_nodisc_reward": 252268.70468139648}