{"dn_played": 864, "donothing_reward": 253076.8096923828, "donothing_nodisc_reward": 253076.8096923828}