{"dn_played": 864, "donothing_reward": 219844.90036010742, "donothing_nodisc_reward": 219844.90036010742}