{"dn_played": 864, "donothing_reward": 208564.8045349121, "donothing_nodisc_reward": 208564.8045349121}