{"dn_played": 864, "donothing_reward": 206480.2313232422, "donothing_nodisc_reward": 206480.2313232422}