{"dn_played": 528, "donothing_reward": 141725.70809936523, "donothing_nodisc_reward": 236648.99017333984}