{"dn_played": 864, "donothing_reward": 244446.39587402344, "donothing_nodisc_reward": 244446.39587402344}