{"dn_played": 864, "donothing_reward": 247893.9599609375, "donothing_nodisc_reward": 247893.9599609375}