{"dn_played": 516, "donothing_reward": 155335.97207641602, "donothing_nodisc_reward": 276645.70053100586}