{"dn_played": 233, "donothing_reward": 77963.6773071289, "donothing_nodisc_reward": 242569.6469116211}