{"dn_played": 521, "donothing_reward": 165128.4771118164, "donothing_nodisc_reward": 258112.62588500977}