{"dn_played": 804, "donothing_reward": 226721.63903808594, "donothing_nodisc_reward": 248923.22357177734}