{"dn_played": 864, "donothing_reward": 251038.82766723633, "donothing_nodisc_reward": 251038.82766723633}