{"dn_played": 864, "donothing_reward": 208955.9814453125, "donothing_nodisc_reward": 208955.9814453125}