{"dn_played": 228, "donothing_reward": 72667.26556396484, "donothing_nodisc_reward": 281141.7938232422}