{"dn_played": 93, "donothing_reward": 28477.349487304688, "donothing_nodisc_reward": 240750.92224121094}