{"dn_played": 864, "donothing_reward": 248822.2492980957, "donothing_nodisc_reward": 248822.2492980957}