{"dn_played": 234, "donothing_reward": 73651.24215698242, "donothing_nodisc_reward": 261468.06076049805}