{"dn_played": 864, "donothing_reward": 231634.7883605957, "donothing_nodisc_reward": 231634.7883605957}