{"dn_played": 231, "donothing_reward": 62008.481689453125, "donothing_nodisc_reward": 246263.3464050293}