{"dn_played": 864, "donothing_reward": 233517.50915527344, "donothing_nodisc_reward": 233517.50915527344}