{"dn_played": 513, "donothing_reward": 139911.36911010742, "donothing_nodisc_reward": 256634.8553466797}