{"dn_played": 864, "donothing_reward": 239493.56796264648, "donothing_nodisc_reward": 239493.56796264648}