{"dn_played": 821, "donothing_reward": 244674.77731323242, "donothing_nodisc_reward": 260301.17050170898}