{"dn_played": 522, "donothing_reward": 153557.67877197266, "donothing_nodisc_reward": 263794.0824890137}