{"dn_played": 801, "donothing_reward": 213934.76266479492, "donothing_nodisc_reward": 235662.83889770508}