{"dn_played": 519, "donothing_reward": 122506.19744873047, "donothing_nodisc_reward": 226854.6255493164}