{"dn_played": 235, "donothing_reward": 78208.66128540039, "donothing_nodisc_reward": 278286.3864135742}