{"dn_played": 5, "donothing_reward": 2140.5330810546875, "donothing_nodisc_reward": 283197.3762512207}