{"dn_played": 225, "donothing_reward": 68289.5482788086, "donothing_nodisc_reward": 283197.6742553711}