{"dn_played": 92, "donothing_reward": 25164.262176513672, "donothing_nodisc_reward": 279550.2359008789}