{"dn_played": 807, "donothing_reward": 190140.6287536621, "donothing_nodisc_reward": 210174.50225830078}