{"dn_played": 810, "donothing_reward": 237872.23336791992, "donothing_nodisc_reward": 256323.79669189453}