{"dn_played": 864, "donothing_reward": 208662.33306884766, "donothing_nodisc_reward": 208662.33306884766}