{"dn_played": 864, "donothing_reward": 244319.85626220703, "donothing_nodisc_reward": 244319.85626220703}