{"dn_played": 864, "donothing_reward": 204407.5537109375, "donothing_nodisc_reward": 204407.5537109375}