{"dn_played": 110, "donothing_reward": 26275.34555053711, "donothing_nodisc_reward": 234163.6964416504}