{"dn_played": 864, "donothing_reward": 221476.5692138672, "donothing_nodisc_reward": 221476.5692138672}