{"dn_played": 114, "donothing_reward": 28969.04672241211, "donothing_nodisc_reward": 242851.12518310547}