{"dn_played": 116, "donothing_reward": 29579.76724243164, "donothing_nodisc_reward": 242170.65673828125}