{"dn_played": 147, "donothing_reward": 41495.61486816406, "donothing_nodisc_reward": 236303.60443115234}