{"dn_played": 864, "donothing_reward": 261768.28979492188, "donothing_nodisc_reward": 261768.28979492188}