{"dn_played": 398, "donothing_reward": 101317.22756958008, "donothing_nodisc_reward": 232082.9833984375}