{"dn_played": 864, "donothing_reward": 223265.7423400879, "donothing_nodisc_reward": 223265.7423400879}