{"dn_played": 402, "donothing_reward": 98151.35217285156, "donothing_nodisc_reward": 226410.8674621582}