{"dn_played": 690, "donothing_reward": 153684.8624572754, "donothing_nodisc_reward": 205356.63284301758}