{"dn_played": 864, "donothing_reward": 189713.23928833008, "donothing_nodisc_reward": 189713.23928833008}