{"dn_played": 864, "donothing_reward": 207730.08529663086, "donothing_nodisc_reward": 207730.08529663086}