{"dn_played": 686, "donothing_reward": 184058.39822387695, "donothing_nodisc_reward": 234535.6900024414}