{"dn_played": 116, "donothing_reward": 31897.42562866211, "donothing_nodisc_reward": 200174.50729370117}