{"dn_played": 692, "donothing_reward": 197925.96795654297, "donothing_nodisc_reward": 245239.8014831543}