{"dn_played": 404, "donothing_reward": 114074.23303222656, "donothing_nodisc_reward": 241031.64001464844}