{"dn_played": 864, "donothing_reward": 211874.03915405273, "donothing_nodisc_reward": 211874.03915405273}