{"dn_played": 864, "donothing_reward": 222404.60540771484, "donothing_nodisc_reward": 222404.60540771484}