{"dn_played": 864, "donothing_reward": 248608.61129760742, "donothing_nodisc_reward": 248608.61129760742}