{"dn_played": 864, "donothing_reward": 261440.91567993164, "donothing_nodisc_reward": 261440.91567993164}