{"dn_played": 864, "donothing_reward": 222000.4818725586, "donothing_nodisc_reward": 222000.4818725586}