{"dn_played": 116, "donothing_reward": 29134.666534423828, "donothing_nodisc_reward": 221089.4970703125}