{"dn_played": 864, "donothing_reward": 242591.36489868164, "donothing_nodisc_reward": 242591.36489868164}