{"dn_played": 864, "donothing_reward": 206963.74252319336, "donothing_nodisc_reward": 206963.74252319336}