{"dn_played": 233, "donothing_reward": 62761.97610473633, "donothing_nodisc_reward": 271490.1123046875}