{"dn_played": 235, "donothing_reward": 67507.05880737305, "donothing_nodisc_reward": 269841.5426635742}