{"dn_played": 864, "donothing_reward": 218680.341796875, "donothing_nodisc_reward": 218680.341796875}