{"dn_played": 864, "donothing_reward": 253870.19607543945, "donothing_nodisc_reward": 253870.19607543945}