{"dn_played": 864, "donothing_reward": 257978.61587524414, "donothing_nodisc_reward": 257978.61587524414}