{"dn_played": 864, "donothing_reward": 227186.10549926758, "donothing_nodisc_reward": 227186.10549926758}