{"dn_played": 864, "donothing_reward": 258023.73626708984, "donothing_nodisc_reward": 258023.73626708984}