{"dn_played": 97, "donothing_reward": 27735.633178710938, "donothing_nodisc_reward": 271869.1735839844}