{"dn_played": 97, "donothing_reward": 26838.877807617188, "donothing_nodisc_reward": 279696.4320373535}