{"dn_played": 864, "donothing_reward": 228462.43057250977, "donothing_nodisc_reward": 228462.43057250977}