{"dn_played": 809, "donothing_reward": 199427.35879516602, "donothing_nodisc_reward": 217497.70111083984}