{"dn_played": 419, "donothing_reward": 126283.68310546875, "donothing_nodisc_reward": 268626.4270019531}