{"dn_played": 864, "donothing_reward": 245553.69064331055, "donothing_nodisc_reward": 245553.69064331055}