{"dn_played": 864, "donothing_reward": 255462.81463623047, "donothing_nodisc_reward": 255462.81463623047}