{"dn_played": 523, "donothing_reward": 142395.96002197266, "donothing_nodisc_reward": 255297.1189880371}