{"dn_played": 864, "donothing_reward": 209451.2579345703, "donothing_nodisc_reward": 209451.2579345703}