{"dn_played": 235, "donothing_reward": 81152.71371459961, "donothing_nodisc_reward": 281222.2442626953}