{"dn_played": 864, "donothing_reward": 235355.1725769043, "donothing_nodisc_reward": 235355.1725769043}