{"dn_played": 811, "donothing_reward": 208480.39804077148, "donothing_nodisc_reward": 225967.62420654297}