{"dn_played": 521, "donothing_reward": 128111.38528442383, "donothing_nodisc_reward": 234535.15487670898}