{"dn_played": 131, "donothing_reward": 39026.597076416016, "donothing_nodisc_reward": 271890.0637817383}