{"dn_played": 233, "donothing_reward": 65678.44445800781, "donothing_nodisc_reward": 266287.811126709}