{"dn_played": 864, "donothing_reward": 255998.91662597656, "donothing_nodisc_reward": 255998.91662597656}