{"dn_played": 864, "donothing_reward": 216275.6085205078, "donothing_nodisc_reward": 216275.6085205078}