{"dn_played": 521, "donothing_reward": 123261.62942504883, "donothing_nodisc_reward": 232714.98611450195}