{"dn_played": 809, "donothing_reward": 207118.9591369629, "donothing_nodisc_reward": 226285.6427001953}