{"dn_played": 864, "donothing_reward": 236456.28295898438, "donothing_nodisc_reward": 236456.28295898438}