{"dn_played": 521, "donothing_reward": 148498.67700195312, "donothing_nodisc_reward": 265158.1671142578}