{"dn_played": 864, "donothing_reward": 271164.6618652344, "donothing_nodisc_reward": 271164.6618652344}