{"dn_played": 706, "donothing_reward": 218631.58685302734, "donothing_nodisc_reward": 266415.63568115234}