{"dn_played": 864, "donothing_reward": 218543.52264404297, "donothing_nodisc_reward": 218543.52264404297}