{"dn_played": 91, "donothing_reward": 25479.058166503906, "donothing_nodisc_reward": 276394.3110656738}