{"dn_played": 864, "donothing_reward": 263392.5843811035, "donothing_nodisc_reward": 263392.5843811035}