{"dn_played": 519, "donothing_reward": 158038.8515625, "donothing_nodisc_reward": 263021.5937805176}