{"dn_played": 813, "donothing_reward": 237253.4496459961, "donothing_nodisc_reward": 253862.92861938477}