{"dn_played": 807, "donothing_reward": 256992.0301208496, "donothing_nodisc_reward": 279431.847076416}