{"dn_played": 864, "donothing_reward": 235018.35845947266, "donothing_nodisc_reward": 235018.35845947266}