{"dn_played": 812, "donothing_reward": 203578.19985961914, "donothing_nodisc_reward": 221684.1242980957}