{"dn_played": 231, "donothing_reward": 71148.2785949707, "donothing_nodisc_reward": 243009.7509765625}