{"dn_played": 236, "donothing_reward": 68187.80282592773, "donothing_nodisc_reward": 256287.84072875977}