{"dn_played": 233, "donothing_reward": 65112.77917480469, "donothing_nodisc_reward": 271041.74102783203}