{"dn_played": 524, "donothing_reward": 133994.76907348633, "donothing_nodisc_reward": 235486.59133911133}