{"dn_played": 379, "donothing_reward": 98686.50354003906, "donothing_nodisc_reward": 250648.57788085938}