{"dn_played": 864, "donothing_reward": 232390.04516601562, "donothing_nodisc_reward": 232390.04516601562}