{"dn_played": 864, "donothing_reward": 223853.38302612305, "donothing_nodisc_reward": 223853.38302612305}