{"dn_played": 864, "donothing_reward": 249127.1759033203, "donothing_nodisc_reward": 249127.1759033203}