{"dn_played": 525, "donothing_reward": 159707.0563659668, "donothing_nodisc_reward": 267397.2944641113}