{"dn_played": 864, "donothing_reward": 256974.96673583984, "donothing_nodisc_reward": 256974.96673583984}