{"dn_played": 130, "donothing_reward": 38207.39221191406, "donothing_nodisc_reward": 250041.1215209961}