{"dn_played": 237, "donothing_reward": 76119.76541137695, "donothing_nodisc_reward": 272272.9895019531}