{"dn_played": 418, "donothing_reward": 132022.42379760742, "donothing_nodisc_reward": 262193.06213378906}