{"dn_played": 667, "donothing_reward": 171227.9448852539, "donothing_nodisc_reward": 237869.10888671875}