{"dn_played": 864, "donothing_reward": 247986.38931274414, "donothing_nodisc_reward": 247986.38931274414}