{"dn_played": 864, "donothing_reward": 257278.00811767578, "donothing_nodisc_reward": 257278.00811767578}