{"dn_played": 218, "donothing_reward": 69424.54354858398, "donothing_nodisc_reward": 283278.5711669922}