{"dn_played": 805, "donothing_reward": 205513.02865600586, "donothing_nodisc_reward": 226716.50970458984}