{"dn_played": 526, "donothing_reward": 128558.94799804688, "donothing_nodisc_reward": 230064.8127746582}