{"dn_played": 864, "donothing_reward": 246960.28198242188, "donothing_nodisc_reward": 246960.28198242188}