{"dn_played": 669, "donothing_reward": 186362.9369506836, "donothing_nodisc_reward": 241965.5241394043}