{"dn_played": 712, "donothing_reward": 165029.84628295898, "donothing_nodisc_reward": 209405.29373168945}