{"dn_played": 864, "donothing_reward": 245714.42810058594, "donothing_nodisc_reward": 245714.42810058594}