{"dn_played": 234, "donothing_reward": 70939.24951171875, "donothing_nodisc_reward": 232154.3879699707}