{"dn_played": 864, "donothing_reward": 218375.68756103516, "donothing_nodisc_reward": 218375.68756103516}