{"dn_played": 814, "donothing_reward": 206801.28457641602, "donothing_nodisc_reward": 223383.21044921875}