{"dn_played": 229, "donothing_reward": 71462.8962097168, "donothing_nodisc_reward": 284802.1905517578}