{"dn_played": 864, "donothing_reward": 222753.0502319336, "donothing_nodisc_reward": 222753.0502319336}