{"dn_played": 864, "donothing_reward": 240305.72219848633, "donothing_nodisc_reward": 240305.72219848633}