{"dn_played": 238, "donothing_reward": 65579.32122802734, "donothing_nodisc_reward": 250472.65823364258}