{"dn_played": 864, "donothing_reward": 248912.58834838867, "donothing_nodisc_reward": 248912.58834838867}