{"dn_played": 864, "donothing_reward": 255485.81970214844, "donothing_nodisc_reward": 255485.81970214844}