{"dn_played": 229, "donothing_reward": 65446.8268737793, "donothing_nodisc_reward": 275725.4039001465}