{"dn_played": 517, "donothing_reward": 129738.40783691406, "donothing_nodisc_reward": 243397.9328918457}