{"dn_played": 136, "donothing_reward": 33850.058837890625, "donothing_nodisc_reward": 241946.69326782227}