{"dn_played": 381, "donothing_reward": 101221.34606933594, "donothing_nodisc_reward": 218969.65042114258}