{"dn_played": 424, "donothing_reward": 97078.7946472168, "donothing_nodisc_reward": 220033.83819580078}