{"dn_played": 522, "donothing_reward": 166666.34408569336, "donothing_nodisc_reward": 264901.8557739258}