{"dn_played": 864, "donothing_reward": 232549.96871948242, "donothing_nodisc_reward": 232549.96871948242}