{"dn_played": 864, "donothing_reward": 224406.66885375977, "donothing_nodisc_reward": 224406.66885375977}