{"dn_played": 811, "donothing_reward": 217594.13079833984, "donothing_nodisc_reward": 235314.1975402832}