{"dn_played": 525, "donothing_reward": 145760.73876953125, "donothing_nodisc_reward": 258812.2039794922}