{"dn_played": 237, "donothing_reward": 75881.20294189453, "donothing_nodisc_reward": 277674.4738769531}