{"dn_played": 227, "donothing_reward": 68277.43157958984, "donothing_nodisc_reward": 262922.1244812012}