{"dn_played": 864, "donothing_reward": 240255.10955810547, "donothing_nodisc_reward": 240255.10955810547}