{"dn_played": 807, "donothing_reward": 217470.37149047852, "donothing_nodisc_reward": 238321.52938842773}