{"dn_played": 519, "donothing_reward": 139200.8193359375, "donothing_nodisc_reward": 251817.4526977539}