{"dn_played": 231, "donothing_reward": 67942.40335083008, "donothing_nodisc_reward": 278951.9140625}