{"dn_played": 5, "donothing_reward": 2115.996337890625, "donothing_nodisc_reward": 286673.93005371094}