{"dn_played": 222, "donothing_reward": 72692.29898071289, "donothing_nodisc_reward": 290162.8024291992}