{"dn_played": 92, "donothing_reward": 28567.109619140625, "donothing_nodisc_reward": 272353.3950805664}