{"dn_played": 233, "donothing_reward": 73710.69451904297, "donothing_nodisc_reward": 240148.96453857422}