{"dn_played": 237, "donothing_reward": 67647.4614868164, "donothing_nodisc_reward": 273125.352935791}