{"dn_played": 5, "donothing_reward": 2311.3994750976562, "donothing_nodisc_reward": 227390.66024780273}