{"dn_played": 864, "donothing_reward": 239458.12576293945, "donothing_nodisc_reward": 239458.12576293945}