{"dn_played": 864, "donothing_reward": 257704.00024414062, "donothing_nodisc_reward": 257704.00024414062}