{"dn_played": 814, "donothing_reward": 250585.14489746094, "donothing_nodisc_reward": 268077.16796875}