{"dn_played": 526, "donothing_reward": 157934.20938110352, "donothing_nodisc_reward": 272172.1252441406}