{"dn_played": 238, "donothing_reward": 75377.1882019043, "donothing_nodisc_reward": 258595.71731567383}