{"dn_played": 226, "donothing_reward": 71624.48495483398, "donothing_nodisc_reward": 275156.79595947266}