{"dn_played": 236, "donothing_reward": 74040.62142944336, "donothing_nodisc_reward": 253724.72732543945}