{"dn_played": 864, "donothing_reward": 225962.79418945312, "donothing_nodisc_reward": 225962.79418945312}