{"dn_played": 864, "donothing_reward": 232917.12478637695, "donothing_nodisc_reward": 232917.12478637695}