{"dn_played": 797, "donothing_reward": 225903.6219177246, "donothing_nodisc_reward": 250955.84045410156}