{"dn_played": 509, "donothing_reward": 161239.12881469727, "donothing_nodisc_reward": 279313.2489013672}