{"dn_played": 221, "donothing_reward": 67526.40771484375, "donothing_nodisc_reward": 279525.9587097168}