{"dn_played": 83, "donothing_reward": 23740.649353027344, "donothing_nodisc_reward": 266092.29583740234}