{"dn_played": 864, "donothing_reward": 222828.04580688477, "donothing_nodisc_reward": 222828.04580688477}