{"dn_played": 864, "donothing_reward": 243651.8196105957, "donothing_nodisc_reward": 243651.8196105957}