{"dn_played": 864, "donothing_reward": 222085.42694091797, "donothing_nodisc_reward": 222085.42694091797}