{"dn_played": 864, "donothing_reward": 239209.16625976562, "donothing_nodisc_reward": 239209.16625976562}