{"dn_played": 200, "donothing_reward": 56214.91891479492, "donothing_nodisc_reward": 272970.3726196289}