{"dn_played": 434, "donothing_reward": 128098.57110595703, "donothing_nodisc_reward": 252160.26321411133}