{"dn_played": 864, "donothing_reward": 213169.69284057617, "donothing_nodisc_reward": 213169.69284057617}