{"dn_played": 234, "donothing_reward": 66439.01086425781, "donothing_nodisc_reward": 219740.03280639648}