{"dn_played": 864, "donothing_reward": 244092.57415771484, "donothing_nodisc_reward": 244092.57415771484}