{"dn_played": 90, "donothing_reward": 24957.343688964844, "donothing_nodisc_reward": 259369.36599731445}