{"dn_played": 522, "donothing_reward": 147814.80447387695, "donothing_nodisc_reward": 238355.49865722656}