{"dn_played": 864, "donothing_reward": 254535.12451171875, "donothing_nodisc_reward": 254535.12451171875}