{"dn_played": 864, "donothing_reward": 205432.9849243164, "donothing_nodisc_reward": 205432.9849243164}