{"dn_played": 91, "donothing_reward": 22397.672821044922, "donothing_nodisc_reward": 242138.67309570312}