{"dn_played": 146, "donothing_reward": 39579.45779418945, "donothing_nodisc_reward": 248864.4612121582}