{"dn_played": 864, "donothing_reward": 212029.50119018555, "donothing_nodisc_reward": 212029.50119018555}