{"dn_played": 864, "donothing_reward": 240959.85626220703, "donothing_nodisc_reward": 240959.85626220703}