{"dn_played": 722, "donothing_reward": 208184.79501342773, "donothing_nodisc_reward": 249445.1399230957}