{"dn_played": 486, "donothing_reward": 119130.63607788086, "donothing_nodisc_reward": 244499.89883422852}