{"dn_played": 864, "donothing_reward": 213399.1325378418, "donothing_nodisc_reward": 213399.1325378418}