{"dn_played": 864, "donothing_reward": 228014.87106323242, "donothing_nodisc_reward": 228014.87106323242}