{"dn_played": 864, "donothing_reward": 244196.75704956055, "donothing_nodisc_reward": 244196.75704956055}