{"dn_played": 864, "donothing_reward": 258486.38290405273, "donothing_nodisc_reward": 258486.38290405273}