{"dn_played": 864, "donothing_reward": 211480.02853393555, "donothing_nodisc_reward": 211480.02853393555}