{"dn_played": 233, "donothing_reward": 71090.33868408203, "donothing_nodisc_reward": 220819.58435058594}