{"dn_played": 864, "donothing_reward": 208519.56665039062, "donothing_nodisc_reward": 208519.56665039062}