{"dn_played": 145, "donothing_reward": 40554.80401611328, "donothing_nodisc_reward": 233313.6326599121}