{"dn_played": 864, "donothing_reward": 205450.66436767578, "donothing_nodisc_reward": 205450.66436767578}