{"dn_played": 864, "donothing_reward": 214141.54418945312, "donothing_nodisc_reward": 214141.54418945312}