{"dn_played": 864, "donothing_reward": 200090.9571838379, "donothing_nodisc_reward": 200090.9571838379}