{"dn_played": 864, "donothing_reward": 219202.48565673828, "donothing_nodisc_reward": 219202.48565673828}