{"dn_played": 803, "donothing_reward": 234922.99737548828, "donothing_nodisc_reward": 255943.6395263672}