{"dn_played": 864, "donothing_reward": 261196.59927368164, "donothing_nodisc_reward": 261196.59927368164}