{"dn_played": 241, "donothing_reward": 67337.82235717773, "donothing_nodisc_reward": 226232.80197143555}