{"dn_played": 864, "donothing_reward": 208228.75198364258, "donothing_nodisc_reward": 208228.75198364258}