{"dn_played": 817, "donothing_reward": 239404.6817932129, "donothing_nodisc_reward": 253819.3943786621}