{"dn_played": 397, "donothing_reward": 115742.84799194336, "donothing_nodisc_reward": 251556.24404907227}