{"dn_played": 864, "donothing_reward": 244171.64352416992, "donothing_nodisc_reward": 244171.64352416992}