{"dn_played": 864, "donothing_reward": 248344.51553344727, "donothing_nodisc_reward": 248344.51553344727}