{"dn_played": 529, "donothing_reward": 153407.435546875, "donothing_nodisc_reward": 247690.17532348633}