{"dn_played": 864, "donothing_reward": 217263.8265991211, "donothing_nodisc_reward": 217263.8265991211}