{"dn_played": 515, "donothing_reward": 157265.06936645508, "donothing_nodisc_reward": 271933.7144470215}