{"dn_played": 864, "donothing_reward": 222296.72790527344, "donothing_nodisc_reward": 222296.72790527344}