{"dn_played": 864, "donothing_reward": 267175.4672241211, "donothing_nodisc_reward": 267175.4672241211}