{"dn_played": 109, "donothing_reward": 32312.876525878906, "donothing_nodisc_reward": 249951.74270629883}