{"dn_played": 864, "donothing_reward": 224778.60580444336, "donothing_nodisc_reward": 224778.60580444336}