{"dn_played": 685, "donothing_reward": 193785.74716186523, "donothing_nodisc_reward": 246474.32159423828}