{"dn_played": 227, "donothing_reward": 72778.37411499023, "donothing_nodisc_reward": 277789.9360656738}