{"dn_played": 93, "donothing_reward": 27797.95770263672, "donothing_nodisc_reward": 253643.73001098633}