{"dn_played": 864, "donothing_reward": 244940.5551147461, "donothing_nodisc_reward": 244940.5551147461}