{"dn_played": 97, "donothing_reward": 29193.18002319336, "donothing_nodisc_reward": 278368.19122314453}