{"dn_played": 91, "donothing_reward": 28524.106231689453, "donothing_nodisc_reward": 265658.8771057129}