{"dn_played": 232, "donothing_reward": 71262.07131958008, "donothing_nodisc_reward": 277718.3947753906}