{"dn_played": 231, "donothing_reward": 68657.57699584961, "donothing_nodisc_reward": 275296.60369873047}