{"dn_played": 230, "donothing_reward": 74772.20986938477, "donothing_nodisc_reward": 266196.83334350586}