{"dn_played": 235, "donothing_reward": 70098.03079223633, "donothing_nodisc_reward": 270101.1277770996}