{"dn_played": 96, "donothing_reward": 28022.819458007812, "donothing_nodisc_reward": 279465.9616088867}