{"dn_played": 228, "donothing_reward": 71144.11508178711, "donothing_nodisc_reward": 247968.82522583008}