{"dn_played": 516, "donothing_reward": 159943.9216003418, "donothing_nodisc_reward": 259775.3192138672}