{"dn_played": 235, "donothing_reward": 74853.27340698242, "donothing_nodisc_reward": 280868.7355041504}