{"dn_played": 815, "donothing_reward": 222761.62103271484, "donothing_nodisc_reward": 238943.6082458496}