{"dn_played": 284, "donothing_reward": 78662.42013549805, "donothing_nodisc_reward": 235637.42736816406}