{"dn_played": 236, "donothing_reward": 68513.40814208984, "donothing_nodisc_reward": 266143.91677856445}