{"dn_played": 231, "donothing_reward": 70118.57385253906, "donothing_nodisc_reward": 279308.1187438965}