{"dn_played": 527, "donothing_reward": 145726.16494750977, "donothing_nodisc_reward": 253368.75442504883}