{"dn_played": 528, "donothing_reward": 140997.35284423828, "donothing_nodisc_reward": 242766.15768432617}