{"dn_played": 572, "donothing_reward": 168557.0479736328, "donothing_nodisc_reward": 239821.4665222168}