{"dn_played": 242, "donothing_reward": 75515.14916992188, "donothing_nodisc_reward": 270797.1746826172}