{"dn_played": 818, "donothing_reward": 256990.1064453125, "donothing_nodisc_reward": 272903.79486083984}