{"dn_played": 864, "donothing_reward": 268382.6884460449, "donothing_nodisc_reward": 268382.6884460449}