{"dn_played": 530, "donothing_reward": 170715.50805664062, "donothing_nodisc_reward": 283561.2873840332}