{"dn_played": 240, "donothing_reward": 62132.238861083984, "donothing_nodisc_reward": 250175.64208984375}