{"dn_played": 89, "donothing_reward": 26562.441040039062, "donothing_nodisc_reward": 243127.02575683594}