{"dn_played": 521, "donothing_reward": 127193.96295166016, "donothing_nodisc_reward": 234723.50952148438}