{"dn_played": 5, "donothing_reward": 2142.3381958007812, "donothing_nodisc_reward": 243958.55880737305}