{"dn_played": 239, "donothing_reward": 73394.74069213867, "donothing_nodisc_reward": 278495.3161621094}