{"dn_played": 864, "donothing_reward": 229883.03665161133, "donothing_nodisc_reward": 229883.03665161133}