{"dn_played": 864, "donothing_reward": 226383.15628051758, "donothing_nodisc_reward": 226383.15628051758}