{"dn_played": 88, "donothing_reward": 27245.510345458984, "donothing_nodisc_reward": 280462.44903564453}