{"dn_played": 864, "donothing_reward": 212610.30166625977, "donothing_nodisc_reward": 212610.30166625977}