{"dn_played": 232, "donothing_reward": 69244.11752319336, "donothing_nodisc_reward": 260498.7322998047}