{"dn_played": 808, "donothing_reward": 212960.45358276367, "donothing_nodisc_reward": 233435.9895324707}