{"dn_played": 864, "donothing_reward": 249756.5478515625, "donothing_nodisc_reward": 249756.5478515625}