{"dn_played": 806, "donothing_reward": 212782.8879699707, "donothing_nodisc_reward": 235176.99172973633}