{"dn_played": 864, "donothing_reward": 242191.33758544922, "donothing_nodisc_reward": 242191.33758544922}