{"dn_played": 138, "donothing_reward": 35145.620666503906, "donothing_nodisc_reward": 250864.3862915039}