{"dn_played": 231, "donothing_reward": 74778.00439453125, "donothing_nodisc_reward": 254953.83422851562}