{"dn_played": 864, "donothing_reward": 210350.6184387207, "donothing_nodisc_reward": 210350.6184387207}