{"dn_played": 864, "donothing_reward": 250694.59548950195, "donothing_nodisc_reward": 250694.59548950195}