{"dn_played": 426, "donothing_reward": 117861.72158813477, "donothing_nodisc_reward": 250529.91455078125}