{"dn_played": 230, "donothing_reward": 65623.37884521484, "donothing_nodisc_reward": 281525.16708374023}