{"dn_played": 864, "donothing_reward": 218233.9764404297, "donothing_nodisc_reward": 218233.9764404297}