{"dn_played": 864, "donothing_reward": 229275.9178161621, "donothing_nodisc_reward": 229275.9178161621}