{"dn_played": 864, "donothing_reward": 215993.0909729004, "donothing_nodisc_reward": 215993.0909729004}