{"dn_played": 518, "donothing_reward": 148562.6912841797, "donothing_nodisc_reward": 268500.08071899414}