{"dn_played": 714, "donothing_reward": 197831.00289916992, "donothing_nodisc_reward": 246212.4250793457}