{"dn_played": 864, "donothing_reward": 206903.90884399414, "donothing_nodisc_reward": 206903.90884399414}