{"dn_played": 144, "donothing_reward": 37089.85314941406, "donothing_nodisc_reward": 236231.30905151367}