{"dn_played": 520, "donothing_reward": 148911.90087890625, "donothing_nodisc_reward": 251988.95782470703}