{"dn_played": 864, "donothing_reward": 252771.27853393555, "donothing_nodisc_reward": 252771.27853393555}