{"dn_played": 864, "donothing_reward": 259233.09051513672, "donothing_nodisc_reward": 259233.09051513672}