{"dn_played": 93, "donothing_reward": 25361.752410888672, "donothing_nodisc_reward": 280156.7234802246}