{"dn_played": 196, "donothing_reward": 58287.71615600586, "donothing_nodisc_reward": 283117.3017883301}