{"dn_played": 381, "donothing_reward": 95722.89178466797, "donothing_nodisc_reward": 255258.21823120117}