{"dn_played": 669, "donothing_reward": 170029.56872558594, "donothing_nodisc_reward": 234852.14157104492}