{"dn_played": 864, "donothing_reward": 245245.90042114258, "donothing_nodisc_reward": 245245.90042114258}