{"dn_played": 864, "donothing_reward": 266103.9179992676, "donothing_nodisc_reward": 266103.9179992676}