{"dn_played": 222, "donothing_reward": 65787.55456542969, "donothing_nodisc_reward": 264479.9523925781}