{"dn_played": 92, "donothing_reward": 24496.191345214844, "donothing_nodisc_reward": 268624.6827697754}