{"dn_played": 798, "donothing_reward": 224064.6361694336, "donothing_nodisc_reward": 248043.8314819336}