{"dn_played": 864, "donothing_reward": 262438.1283569336, "donothing_nodisc_reward": 262438.1283569336}