{"dn_played": 864, "donothing_reward": 225817.62985229492, "donothing_nodisc_reward": 225817.62985229492}