{"dn_played": 864, "donothing_reward": 220312.4656677246, "donothing_nodisc_reward": 220312.4656677246}