{"dn_played": 81, "donothing_reward": 22343.421112060547, "donothing_nodisc_reward": 284477.65548706055}