{"dn_played": 510, "donothing_reward": 148154.03466796875, "donothing_nodisc_reward": 265406.1428833008}