{"dn_played": 94, "donothing_reward": 27008.88330078125, "donothing_nodisc_reward": 249019.8794555664}