{"dn_played": 864, "donothing_reward": 226108.10592651367, "donothing_nodisc_reward": 226108.10592651367}