{"dn_played": 772, "donothing_reward": 199661.9553527832, "donothing_nodisc_reward": 232185.97427368164}