{"dn_played": 864, "donothing_reward": 265331.36627197266, "donothing_nodisc_reward": 265331.36627197266}