{"dn_played": 380, "donothing_reward": 96551.90835571289, "donothing_nodisc_reward": 250912.6629638672}