{"dn_played": 864, "donothing_reward": 242321.75659179688, "donothing_nodisc_reward": 242321.75659179688}