{"dn_played": 668, "donothing_reward": 174151.88150024414, "donothing_nodisc_reward": 239327.76657104492}