{"dn_played": 484, "donothing_reward": 127767.86233520508, "donothing_nodisc_reward": 255976.52893066406}