{"dn_played": 864, "donothing_reward": 211127.85598754883, "donothing_nodisc_reward": 211127.85598754883}