{"dn_played": 864, "donothing_reward": 233759.1520690918, "donothing_nodisc_reward": 233759.1520690918}