{"dn_played": 127, "donothing_reward": 33920.56298828125, "donothing_nodisc_reward": 253942.3194885254}