{"dn_played": 137, "donothing_reward": 35635.30877685547, "donothing_nodisc_reward": 248489.50576782227}