{"dn_played": 864, "donothing_reward": 229667.9524230957, "donothing_nodisc_reward": 229667.9524230957}