{"dn_played": 864, "donothing_reward": 226158.29452514648, "donothing_nodisc_reward": 226158.29452514648}