{"dn_played": 864, "donothing_reward": 237684.14123535156, "donothing_nodisc_reward": 237684.14123535156}