{"dn_played": 864, "donothing_reward": 255177.7603149414, "donothing_nodisc_reward": 255177.7603149414}