{"dn_played": 864, "donothing_reward": 264723.09173583984, "donothing_nodisc_reward": 264723.09173583984}