{"dn_played": 864, "donothing_reward": 265000.68740844727, "donothing_nodisc_reward": 265000.68740844727}