{"dn_played": 864, "donothing_reward": 256379.87274169922, "donothing_nodisc_reward": 256379.87274169922}