{"dn_played": 864, "donothing_reward": 226459.0447998047, "donothing_nodisc_reward": 226459.0447998047}