{"dn_played": 864, "donothing_reward": 233377.56149291992, "donothing_nodisc_reward": 233377.56149291992}