{"dn_played": 813, "donothing_reward": 210000.3943786621, "donothing_nodisc_reward": 227858.69338989258}