{"dn_played": 525, "donothing_reward": 133763.5018310547, "donothing_nodisc_reward": 247707.11883544922}