{"dn_played": 237, "donothing_reward": 69763.76626586914, "donothing_nodisc_reward": 272262.7153015137}