{"dn_played": 229, "donothing_reward": 75239.79013061523, "donothing_nodisc_reward": 269797.0022583008}