{"dn_played": 864, "donothing_reward": 268376.1601257324, "donothing_nodisc_reward": 268376.1601257324}