{"dn_played": 864, "donothing_reward": 256520.4409790039, "donothing_nodisc_reward": 256520.4409790039}