{"dn_played": 864, "donothing_reward": 228827.87231445312, "donothing_nodisc_reward": 228827.87231445312}