{"dn_played": 864, "donothing_reward": 217412.67059326172, "donothing_nodisc_reward": 217412.67059326172}