{"dn_played": 864, "donothing_reward": 199011.4633178711, "donothing_nodisc_reward": 199011.4633178711}