{"dn_played": 864, "donothing_reward": 207453.13049316406, "donothing_nodisc_reward": 207453.13049316406}