{"dn_played": 864, "donothing_reward": 224005.8383178711, "donothing_nodisc_reward": 224005.8383178711}