{"dn_played": 703, "donothing_reward": 200618.46856689453, "donothing_nodisc_reward": 246569.69360351562}