{"dn_played": 415, "donothing_reward": 115317.08657836914, "donothing_nodisc_reward": 247453.95309448242}