{"dn_played": 121, "donothing_reward": 31091.623474121094, "donothing_nodisc_reward": 244197.10205078125}