{"dn_played": 812, "donothing_reward": 199178.4772644043, "donothing_nodisc_reward": 216468.92349243164}