{"dn_played": 864, "donothing_reward": 210514.72793579102, "donothing_nodisc_reward": 210514.72793579102}