{"dn_played": 523, "donothing_reward": 162343.75970458984, "donothing_nodisc_reward": 276792.50869750977}