{"dn_played": 864, "donothing_reward": 249849.96627807617, "donothing_nodisc_reward": 249849.96627807617}