{"dn_played": 238, "donothing_reward": 64911.311279296875, "donothing_nodisc_reward": 258267.53463745117}