{"dn_played": 864, "donothing_reward": 247093.7889099121, "donothing_nodisc_reward": 247093.7889099121}