{"dn_played": 864, "donothing_reward": 240355.25497436523, "donothing_nodisc_reward": 240355.25497436523}