{"dn_played": 143, "donothing_reward": 35661.17532348633, "donothing_nodisc_reward": 237278.63983154297}