{"dn_played": 864, "donothing_reward": 230513.44467163086, "donothing_nodisc_reward": 230513.44467163086}