{"dn_played": 118, "donothing_reward": 32565.083099365234, "donothing_nodisc_reward": 245154.43130493164}