{"dn_played": 524, "donothing_reward": 129439.46374511719, "donothing_nodisc_reward": 236548.88214111328}