{"dn_played": 864, "donothing_reward": 212447.71209716797, "donothing_nodisc_reward": 212447.71209716797}