{"dn_played": 235, "donothing_reward": 72524.7875366211, "donothing_nodisc_reward": 275310.2264404297}