{"dn_played": 719, "donothing_reward": 166300.2401123047, "donothing_nodisc_reward": 204393.11065673828}