{"dn_played": 864, "donothing_reward": 247266.02783203125, "donothing_nodisc_reward": 247266.02783203125}