{"dn_played": 864, "donothing_reward": 261035.11840820312, "donothing_nodisc_reward": 261035.11840820312}