{"dn_played": 864, "donothing_reward": 264072.9150390625, "donothing_nodisc_reward": 264072.9150390625}