{"dn_played": 524, "donothing_reward": 126176.5404663086, "donothing_nodisc_reward": 233596.82846069336}