{"dn_played": 864, "donothing_reward": 211279.36492919922, "donothing_nodisc_reward": 211279.36492919922}