{"dn_played": 236, "donothing_reward": 68765.67239379883, "donothing_nodisc_reward": 268180.54122924805}