{"dn_played": 864, "donothing_reward": 223608.9437866211, "donothing_nodisc_reward": 223608.9437866211}