{"dn_played": 864, "donothing_reward": 235941.64474487305, "donothing_nodisc_reward": 235941.64474487305}