{"dn_played": 864, "donothing_reward": 259951.74835205078, "donothing_nodisc_reward": 259951.74835205078}