{"dn_played": 431, "donothing_reward": 95047.86645507812, "donothing_nodisc_reward": 212285.33081054688}