{"dn_played": 134, "donothing_reward": 41504.258056640625, "donothing_nodisc_reward": 270925.6903076172}