{"dn_played": 433, "donothing_reward": 93400.42901611328, "donothing_nodisc_reward": 213486.17965698242}