{"dn_played": 719, "donothing_reward": 192638.81677246094, "donothing_nodisc_reward": 242723.76098632812}