{"dn_played": 721, "donothing_reward": 156379.8314819336, "donothing_nodisc_reward": 195177.59506225586}