{"dn_played": 236, "donothing_reward": 68049.28750610352, "donothing_nodisc_reward": 243997.9978942871}