{"dn_played": 114, "donothing_reward": 29554.22967529297, "donothing_nodisc_reward": 245739.98916625977}