{"dn_played": 143, "donothing_reward": 41650.4499206543, "donothing_nodisc_reward": 256771.98638916016}