{"dn_played": 431, "donothing_reward": 120737.26724243164, "donothing_nodisc_reward": 255426.22955322266}