{"dn_played": 525, "donothing_reward": 149521.53192138672, "donothing_nodisc_reward": 259275.8332824707}