{"dn_played": 864, "donothing_reward": 234081.31378173828, "donothing_nodisc_reward": 234081.31378173828}