{"dn_played": 813, "donothing_reward": 208463.10311889648, "donothing_nodisc_reward": 225943.0746459961}