{"dn_played": 145, "donothing_reward": 33241.574951171875, "donothing_nodisc_reward": 236985.3012084961}