{"dn_played": 864, "donothing_reward": 206101.2501525879, "donothing_nodisc_reward": 206101.2501525879}