{"dn_played": 864, "donothing_reward": 211642.3649597168, "donothing_nodisc_reward": 211642.3649597168}