{"dn_played": 864, "donothing_reward": 213745.6964111328, "donothing_nodisc_reward": 213745.6964111328}