{"dn_played": 864, "donothing_reward": 231865.4393005371, "donothing_nodisc_reward": 231865.4393005371}