{"dn_played": 123, "donothing_reward": 31004.58169555664, "donothing_nodisc_reward": 231139.2608642578}