{"dn_played": 237, "donothing_reward": 71311.49514770508, "donothing_nodisc_reward": 271837.38540649414}