{"dn_played": 864, "donothing_reward": 214388.82888793945, "donothing_nodisc_reward": 214388.82888793945}