{"dn_played": 99, "donothing_reward": 29954.641510009766, "donothing_nodisc_reward": 251688.0355834961}