{"dn_played": 99, "donothing_reward": 26027.632537841797, "donothing_nodisc_reward": 237304.81185913086}