{"dn_played": 864, "donothing_reward": 209419.8275756836, "donothing_nodisc_reward": 209419.8275756836}