{"dn_played": 864, "donothing_reward": 210803.72039794922, "donothing_nodisc_reward": 210803.72039794922}