{"dn_played": 864, "donothing_reward": 229753.2029724121, "donothing_nodisc_reward": 229753.2029724121}