{"dn_played": 864, "donothing_reward": 201711.75903320312, "donothing_nodisc_reward": 201711.75903320312}