{"dn_played": 864, "donothing_reward": 219337.08633422852, "donothing_nodisc_reward": 219337.08633422852}