{"dn_played": 864, "donothing_reward": 217448.1886291504, "donothing_nodisc_reward": 217448.1886291504}