{"dn_played": 514, "donothing_reward": 125396.0910949707, "donothing_nodisc_reward": 234766.73614501953}