{"dn_played": 864, "donothing_reward": 243441.1231994629, "donothing_nodisc_reward": 243441.1231994629}