{"dn_played": 228, "donothing_reward": 64285.908447265625, "donothing_nodisc_reward": 262522.04483032227}