{"dn_played": 864, "donothing_reward": 223251.1134338379, "donothing_nodisc_reward": 223251.1134338379}