{"dn_played": 864, "donothing_reward": 260186.5382385254, "donothing_nodisc_reward": 260186.5382385254}