{"dn_played": 864, "donothing_reward": 212332.50732421875, "donothing_nodisc_reward": 212332.50732421875}