{"dn_played": 864, "donothing_reward": 247389.97299194336, "donothing_nodisc_reward": 247389.97299194336}