{"dn_played": 864, "donothing_reward": 256145.34881591797, "donothing_nodisc_reward": 256145.34881591797}