{"dn_played": 864, "donothing_reward": 246207.97317504883, "donothing_nodisc_reward": 246207.97317504883}