{"dn_played": 864, "donothing_reward": 265190.4754638672, "donothing_nodisc_reward": 265190.4754638672}