{"dn_played": 864, "donothing_reward": 240465.48873901367, "donothing_nodisc_reward": 240465.48873901367}