{"dn_played": 521, "donothing_reward": 157552.44470214844, "donothing_nodisc_reward": 272817.7474975586}