{"dn_played": 88, "donothing_reward": 26138.564849853516, "donothing_nodisc_reward": 221934.23950195312}