{"dn_played": 233, "donothing_reward": 70655.46517944336, "donothing_nodisc_reward": 281149.91790771484}