{"dn_played": 864, "donothing_reward": 252627.94921875, "donothing_nodisc_reward": 252627.94921875}