{"dn_played": 806, "donothing_reward": 234863.2801208496, "donothing_nodisc_reward": 256390.90957641602}