{"dn_played": 864, "donothing_reward": 219617.19635009766, "donothing_nodisc_reward": 219617.19635009766}