{"dn_played": 864, "donothing_reward": 222788.71994018555, "donothing_nodisc_reward": 222788.71994018555}