{"dn_played": 88, "donothing_reward": 25808.592010498047, "donothing_nodisc_reward": 255175.61447143555}