{"dn_played": 864, "donothing_reward": 252917.26425170898, "donothing_nodisc_reward": 252917.26425170898}