{"dn_played": 864, "donothing_reward": 209903.02688598633, "donothing_nodisc_reward": 209903.02688598633}