{"dn_played": 864, "donothing_reward": 222583.94302368164, "donothing_nodisc_reward": 222583.94302368164}