{"dn_played": 864, "donothing_reward": 210763.70239257812, "donothing_nodisc_reward": 210763.70239257812}