{"dn_played": 864, "donothing_reward": 255034.5164489746, "donothing_nodisc_reward": 255034.5164489746}