{"dn_played": 864, "donothing_reward": 247020.7127380371, "donothing_nodisc_reward": 247020.7127380371}