{"dn_played": 864, "donothing_reward": 268562.89443969727, "donothing_nodisc_reward": 268562.89443969727}