{"dn_played": 387, "donothing_reward": 97986.52597045898, "donothing_nodisc_reward": 217173.61892700195}