{"dn_played": 110, "donothing_reward": 29332.698303222656, "donothing_nodisc_reward": 250744.18487548828}