{"dn_played": 864, "donothing_reward": 193259.37759399414, "donothing_nodisc_reward": 193259.37759399414}