{"dn_played": 864, "donothing_reward": 230733.85772705078, "donothing_nodisc_reward": 230733.85772705078}