{"dn_played": 864, "donothing_reward": 260706.1912536621, "donothing_nodisc_reward": 260706.1912536621}