{"dn_played": 864, "donothing_reward": 252024.57092285156, "donothing_nodisc_reward": 252024.57092285156}