{"dn_played": 864, "donothing_reward": 217791.34735107422, "donothing_nodisc_reward": 217791.34735107422}