{"dn_played": 864, "donothing_reward": 206812.30728149414, "donothing_nodisc_reward": 206812.30728149414}