{"dn_played": 680, "donothing_reward": 172494.25424194336, "donothing_nodisc_reward": 226135.45822143555}