{"dn_played": 99, "donothing_reward": 22627.636962890625, "donothing_nodisc_reward": 199522.29904174805}