{"dn_played": 864, "donothing_reward": 232786.40884399414, "donothing_nodisc_reward": 232786.40884399414}