{"dn_played": 98, "donothing_reward": 27196.56182861328, "donothing_nodisc_reward": 229283.38500976562}