{"dn_played": 723, "donothing_reward": 170782.81640625, "donothing_nodisc_reward": 212231.82571411133}