{"dn_played": 117, "donothing_reward": 27587.004943847656, "donothing_nodisc_reward": 193788.232421875}