{"dn_played": 864, "donothing_reward": 272279.76669311523, "donothing_nodisc_reward": 272279.76669311523}