{"dn_played": 104, "donothing_reward": 24374.773345947266, "donothing_nodisc_reward": 237631.18194580078}