{"dn_played": 675, "donothing_reward": 180464.08044433594, "donothing_nodisc_reward": 235964.15740966797}