{"dn_played": 864, "donothing_reward": 195024.7200012207, "donothing_nodisc_reward": 195024.7200012207}