{"dn_played": 435, "donothing_reward": 116145.0756225586, "donothing_nodisc_reward": 240900.36544799805}