{"dn_played": 386, "donothing_reward": 103797.69128417969, "donothing_nodisc_reward": 243435.17166137695}