{"dn_played": 90, "donothing_reward": 23858.960205078125, "donothing_nodisc_reward": 222909.0463256836}