{"dn_played": 392, "donothing_reward": 98864.11935424805, "donothing_nodisc_reward": 236263.87802124023}