{"dn_played": 864, "donothing_reward": 235410.90362548828, "donothing_nodisc_reward": 235410.90362548828}