{"dn_played": 147, "donothing_reward": 40817.280517578125, "donothing_nodisc_reward": 242173.69979858398}