{"dn_played": 864, "donothing_reward": 205827.05001831055, "donothing_nodisc_reward": 205827.05001831055}