{"dn_played": 517, "donothing_reward": 141470.70626831055, "donothing_nodisc_reward": 253271.14044189453}