{"dn_played": 864, "donothing_reward": 237829.0086364746, "donothing_nodisc_reward": 237829.0086364746}