{"dn_played": 400, "donothing_reward": 121123.82241821289, "donothing_nodisc_reward": 255464.03869628906}