{"dn_played": 864, "donothing_reward": 218563.39813232422, "donothing_nodisc_reward": 218563.39813232422}