{"dn_played": 229, "donothing_reward": 65205.19464111328, "donothing_nodisc_reward": 261791.09085083008}