{"dn_played": 864, "donothing_reward": 235903.9712524414, "donothing_nodisc_reward": 235903.9712524414}