{"dn_played": 112, "donothing_reward": 31207.67953491211, "donothing_nodisc_reward": 234077.99835205078}