{"dn_played": 864, "donothing_reward": 204715.81604003906, "donothing_nodisc_reward": 204715.81604003906}