{"dn_played": 864, "donothing_reward": 216647.60314941406, "donothing_nodisc_reward": 216647.60314941406}