{"dn_played": 805, "donothing_reward": 203506.12771606445, "donothing_nodisc_reward": 225390.41900634766}