{"dn_played": 864, "donothing_reward": 251246.06552124023, "donothing_nodisc_reward": 251246.06552124023}