{"dn_played": 864, "donothing_reward": 222072.31796264648, "donothing_nodisc_reward": 222072.31796264648}