{"dn_played": 107, "donothing_reward": 26037.516876220703, "donothing_nodisc_reward": 258379.7315979004}