{"dn_played": 864, "donothing_reward": 274707.92907714844, "donothing_nodisc_reward": 274707.92907714844}