{"dn_played": 864, "donothing_reward": 209892.97271728516, "donothing_nodisc_reward": 209892.97271728516}