{"dn_played": 864, "donothing_reward": 242551.09481811523, "donothing_nodisc_reward": 242551.09481811523}