{"dn_played": 864, "donothing_reward": 265713.6297607422, "donothing_nodisc_reward": 265713.6297607422}