{"dn_played": 864, "donothing_reward": 213382.01705932617, "donothing_nodisc_reward": 213382.01705932617}