{"dn_played": 864, "donothing_reward": 237311.78024291992, "donothing_nodisc_reward": 237311.78024291992}