{"dn_played": 111, "donothing_reward": 30667.420440673828, "donothing_nodisc_reward": 239990.2490234375}