{"dn_played": 814, "donothing_reward": 203926.0358581543, "donothing_nodisc_reward": 218863.61434936523}