{"dn_played": 864, "donothing_reward": 212698.54934692383, "donothing_nodisc_reward": 212698.54934692383}