{"dn_played": 864, "donothing_reward": 208406.88049316406, "donothing_nodisc_reward": 208406.88049316406}