{"dn_played": 864, "donothing_reward": 261183.41232299805, "donothing_nodisc_reward": 261183.41232299805}