{"dn_played": 238, "donothing_reward": 65646.83572387695, "donothing_nodisc_reward": 254715.90087890625}