{"dn_played": 526, "donothing_reward": 145469.271484375, "donothing_nodisc_reward": 245211.21551513672}