{"dn_played": 864, "donothing_reward": 267753.5514831543, "donothing_nodisc_reward": 267753.5514831543}