{"dn_played": 237, "donothing_reward": 71886.8952331543, "donothing_nodisc_reward": 276436.6928100586}