{"dn_played": 864, "donothing_reward": 227616.35192871094, "donothing_nodisc_reward": 227616.35192871094}