{"dn_played": 92, "donothing_reward": 29920.82391357422, "donothing_nodisc_reward": 267320.2983093262}