{"dn_played": 864, "donothing_reward": 257356.69830322266, "donothing_nodisc_reward": 257356.69830322266}