{"dn_played": 864, "donothing_reward": 249788.15231323242, "donothing_nodisc_reward": 249788.15231323242}