{"dn_played": 864, "donothing_reward": 232733.62579345703, "donothing_nodisc_reward": 232733.62579345703}