{"dn_played": 864, "donothing_reward": 227749.15603637695, "donothing_nodisc_reward": 227749.15603637695}