{"dn_played": 864, "donothing_reward": 251103.13034057617, "donothing_nodisc_reward": 251103.13034057617}