{"dn_played": 864, "donothing_reward": 215874.7950744629, "donothing_nodisc_reward": 215874.7950744629}