{"dn_played": 864, "donothing_reward": 225585.322265625, "donothing_nodisc_reward": 225585.322265625}