{"dn_played": 813, "donothing_reward": 222389.8592529297, "donothing_nodisc_reward": 240755.5877685547}