{"dn_played": 864, "donothing_reward": 247187.4070739746, "donothing_nodisc_reward": 247187.4070739746}