{"dn_played": 812, "donothing_reward": 197941.4150390625, "donothing_nodisc_reward": 212604.44305419922}