{"dn_played": 864, "donothing_reward": 266286.64154052734, "donothing_nodisc_reward": 266286.64154052734}