{"dn_played": 864, "donothing_reward": 237153.9598083496, "donothing_nodisc_reward": 237153.9598083496}