{"dn_played": 864, "donothing_reward": 249147.0652770996, "donothing_nodisc_reward": 249147.0652770996}