{"dn_played": 526, "donothing_reward": 140089.75289916992, "donothing_nodisc_reward": 237749.19692993164}