{"dn_played": 864, "donothing_reward": 261337.5894165039, "donothing_nodisc_reward": 261337.5894165039}