{"dn_played": 238, "donothing_reward": 63682.65298461914, "donothing_nodisc_reward": 258718.92333984375}