{"dn_played": 88, "donothing_reward": 26478.98065185547, "donothing_nodisc_reward": 263097.52716064453}