{"dn_played": 864, "donothing_reward": 223120.54275512695, "donothing_nodisc_reward": 223120.54275512695}