{"dn_played": 525, "donothing_reward": 154339.1674194336, "donothing_nodisc_reward": 268591.41204833984}