{"dn_played": 864, "donothing_reward": 258657.42446899414, "donothing_nodisc_reward": 258657.42446899414}