{"dn_played": 864, "donothing_reward": 229001.68350219727, "donothing_nodisc_reward": 229001.68350219727}