{"dn_played": 238, "donothing_reward": 67203.53463745117, "donothing_nodisc_reward": 270264.3977355957}