{"dn_played": 237, "donothing_reward": 75542.53030395508, "donothing_nodisc_reward": 259618.29559326172}