{"dn_played": 864, "donothing_reward": 208908.9501953125, "donothing_nodisc_reward": 208908.9501953125}