{"dn_played": 141, "donothing_reward": 35609.3674621582, "donothing_nodisc_reward": 224651.66137695312}