{"dn_played": 143, "donothing_reward": 39513.5390625, "donothing_nodisc_reward": 231147.1563720703}