{"dn_played": 525, "donothing_reward": 165086.7960510254, "donothing_nodisc_reward": 273831.0417175293}