{"dn_played": 429, "donothing_reward": 113850.70321655273, "donothing_nodisc_reward": 232819.36126708984}