{"dn_played": 5, "donothing_reward": 2209.6785888671875, "donothing_nodisc_reward": 272093.39126586914}