{"dn_played": 807, "donothing_reward": 193386.30410766602, "donothing_nodisc_reward": 215204.8582458496}