{"dn_played": 693, "donothing_reward": 160913.93258666992, "donothing_nodisc_reward": 209847.74337768555}