{"dn_played": 864, "donothing_reward": 214081.5545654297, "donothing_nodisc_reward": 214081.5545654297}