{"dn_played": 864, "donothing_reward": 215837.39501953125, "donothing_nodisc_reward": 215837.39501953125}