{"dn_played": 864, "donothing_reward": 234634.8452758789, "donothing_nodisc_reward": 234634.8452758789}