{"dn_played": 864, "donothing_reward": 242323.3448791504, "donothing_nodisc_reward": 242323.3448791504}