{"dn_played": 864, "donothing_reward": 212748.2177734375, "donothing_nodisc_reward": 212748.2177734375}