{"dn_played": 405, "donothing_reward": 89160.9055480957, "donothing_nodisc_reward": 217450.31845092773}