{"dn_played": 717, "donothing_reward": 194990.1143798828, "donothing_nodisc_reward": 238682.4444580078}