{"dn_played": 864, "donothing_reward": 224687.17193603516, "donothing_nodisc_reward": 224687.17193603516}