{"dn_played": 231, "donothing_reward": 65573.44338989258, "donothing_nodisc_reward": 266754.0690612793}