{"dn_played": 864, "donothing_reward": 209757.0411682129, "donothing_nodisc_reward": 209757.0411682129}