{"dn_played": 864, "donothing_reward": 258609.13497924805, "donothing_nodisc_reward": 258609.13497924805}