{"dn_played": 519, "donothing_reward": 124646.78903198242, "donothing_nodisc_reward": 236283.14895629883}