{"dn_played": 431, "donothing_reward": 131204.77197265625, "donothing_nodisc_reward": 254098.87420654297}