{"dn_played": 864, "donothing_reward": 248318.91174316406, "donothing_nodisc_reward": 248318.91174316406}