{"dn_played": 719, "donothing_reward": 210560.37408447266, "donothing_nodisc_reward": 252358.3868408203}