{"dn_played": 117, "donothing_reward": 26386.745697021484, "donothing_nodisc_reward": 246367.39151000977}