{"dn_played": 864, "donothing_reward": 261067.35733032227, "donothing_nodisc_reward": 261067.35733032227}