{"dn_played": 510, "donothing_reward": 124601.54473876953, "donothing_nodisc_reward": 231332.99240112305}