{"dn_played": 864, "donothing_reward": 217478.71536254883, "donothing_nodisc_reward": 217478.71536254883}