{"dn_played": 864, "donothing_reward": 222529.70306396484, "donothing_nodisc_reward": 222529.70306396484}