{"dn_played": 864, "donothing_reward": 208188.52142333984, "donothing_nodisc_reward": 208188.52142333984}