{"dn_played": 864, "donothing_reward": 254760.6527709961, "donothing_nodisc_reward": 254760.6527709961}