{"dn_played": 233, "donothing_reward": 67822.16134643555, "donothing_nodisc_reward": 241787.0004272461}