{"dn_played": 864, "donothing_reward": 236992.77374267578, "donothing_nodisc_reward": 236992.77374267578}