{"dn_played": 435, "donothing_reward": 116725.3473815918, "donothing_nodisc_reward": 246446.44485473633}