{"dn_played": 147, "donothing_reward": 36595.7216796875, "donothing_nodisc_reward": 253646.4729309082}