{"dn_played": 864, "donothing_reward": 212199.2823791504, "donothing_nodisc_reward": 212199.2823791504}