{"dn_played": 723, "donothing_reward": 197733.96356201172, "donothing_nodisc_reward": 239649.81826782227}