{"dn_played": 224, "donothing_reward": 63471.23132324219, "donothing_nodisc_reward": 246571.42288208008}