{"dn_played": 803, "donothing_reward": 191436.28778076172, "donothing_nodisc_reward": 214407.80502319336}