{"dn_played": 864, "donothing_reward": 260778.89358520508, "donothing_nodisc_reward": 260778.89358520508}