{"dn_played": 864, "donothing_reward": 265768.49029541016, "donothing_nodisc_reward": 265768.49029541016}