{"dn_played": 227, "donothing_reward": 61287.22619628906, "donothing_nodisc_reward": 251162.53036499023}