{"dn_played": 864, "donothing_reward": 241121.9075012207, "donothing_nodisc_reward": 241121.9075012207}