{"dn_played": 864, "donothing_reward": 263840.4739379883, "donothing_nodisc_reward": 263840.4739379883}