{"dn_played": 515, "donothing_reward": 124784.18389892578, "donothing_nodisc_reward": 237399.58572387695}