{"dn_played": 864, "donothing_reward": 254491.8391418457, "donothing_nodisc_reward": 254491.8391418457}