{"dn_played": 864, "donothing_reward": 241757.67318725586, "donothing_nodisc_reward": 241757.67318725586}