{"dn_played": 864, "donothing_reward": 219150.58059692383, "donothing_nodisc_reward": 219150.58059692383}