{"dn_played": 864, "donothing_reward": 199698.90762329102, "donothing_nodisc_reward": 199698.90762329102}