{"dn_played": 864, "donothing_reward": 214201.162109375, "donothing_nodisc_reward": 214201.162109375}