{"dn_played": 864, "donothing_reward": 239388.44299316406, "donothing_nodisc_reward": 239388.44299316406}