{"dn_played": 864, "donothing_reward": 248373.0940246582, "donothing_nodisc_reward": 248373.0940246582}