{"dn_played": 233, "donothing_reward": 69951.28991699219, "donothing_nodisc_reward": 257576.30920410156}