{"dn_played": 125, "donothing_reward": 37240.931640625, "donothing_nodisc_reward": 265877.5459289551}