{"dn_played": 232, "donothing_reward": 69779.09585571289, "donothing_nodisc_reward": 278066.6548156738}