{"dn_played": 90, "donothing_reward": 26931.8251953125, "donothing_nodisc_reward": 269637.8894042969}