{"dn_played": 798, "donothing_reward": 208364.4295654297, "donothing_nodisc_reward": 232299.88342285156}