{"dn_played": 86, "donothing_reward": 25077.940307617188, "donothing_nodisc_reward": 236808.80798339844}