{"dn_played": 222, "donothing_reward": 61513.06954956055, "donothing_nodisc_reward": 266746.2013244629}