{"dn_played": 510, "donothing_reward": 131645.89715576172, "donothing_nodisc_reward": 254742.06649780273}