{"dn_played": 663, "donothing_reward": 162818.2004699707, "donothing_nodisc_reward": 228027.4481201172}