{"dn_played": 519, "donothing_reward": 135034.69888305664, "donothing_nodisc_reward": 234353.30932617188}