{"dn_played": 234, "donothing_reward": 55508.699279785156, "donothing_nodisc_reward": 254772.47360229492}