{"dn_played": 216, "donothing_reward": 63915.37286376953, "donothing_nodisc_reward": 279258.73764038086}