{"dn_played": 87, "donothing_reward": 23502.758728027344, "donothing_nodisc_reward": 274489.7846984863}