{"dn_played": 80, "donothing_reward": 24157.23779296875, "donothing_nodisc_reward": 268128.43856811523}