{"dn_played": 525, "donothing_reward": 161833.7293395996, "donothing_nodisc_reward": 267664.0776062012}