{"dn_played": 375, "donothing_reward": 91059.45260620117, "donothing_nodisc_reward": 248791.962890625}