{"dn_played": 413, "donothing_reward": 119377.89407348633, "donothing_nodisc_reward": 276255.7604980469}