{"dn_played": 224, "donothing_reward": 66270.67376708984, "donothing_nodisc_reward": 288724.03732299805}