{"dn_played": 864, "donothing_reward": 238611.80572509766, "donothing_nodisc_reward": 238611.80572509766}