{"dn_played": 237, "donothing_reward": 68579.21365356445, "donothing_nodisc_reward": 249922.53295898438}