{"dn_played": 520, "donothing_reward": 151768.95852661133, "donothing_nodisc_reward": 267861.1491394043}