{"dn_played": 217, "donothing_reward": 64367.51351928711, "donothing_nodisc_reward": 246238.48281860352}