{"dn_played": 93, "donothing_reward": 26110.31854248047, "donothing_nodisc_reward": 289506.0739135742}