{"dn_played": 680, "donothing_reward": 186025.62936401367, "donothing_nodisc_reward": 237783.22814941406}