{"dn_played": 864, "donothing_reward": 225850.95504760742, "donothing_nodisc_reward": 225850.95504760742}