{"dn_played": 864, "donothing_reward": 230326.95175170898, "donothing_nodisc_reward": 230326.95175170898}