{"dn_played": 864, "donothing_reward": 232745.0877380371, "donothing_nodisc_reward": 232745.0877380371}