{"dn_played": 864, "donothing_reward": 229280.88241577148, "donothing_nodisc_reward": 229280.88241577148}