{"dn_played": 810, "donothing_reward": 242866.35675048828, "donothing_nodisc_reward": 261395.26016235352}