{"dn_played": 864, "donothing_reward": 247057.39395141602, "donothing_nodisc_reward": 247057.39395141602}