{"dn_played": 864, "donothing_reward": 267328.6424255371, "donothing_nodisc_reward": 267328.6424255371}