{"dn_played": 864, "donothing_reward": 260156.0221862793, "donothing_nodisc_reward": 260156.0221862793}