{"dn_played": 392, "donothing_reward": 97625.41223144531, "donothing_nodisc_reward": 237260.97106933594}