{"dn_played": 507, "donothing_reward": 154632.71005249023, "donothing_nodisc_reward": 268204.45098876953}