{"dn_played": 104, "donothing_reward": 23782.200103759766, "donothing_nodisc_reward": 244791.62673950195}