{"dn_played": 795, "donothing_reward": 240038.60711669922, "donothing_nodisc_reward": 267938.4753417969}