{"dn_played": 219, "donothing_reward": 73034.81362915039, "donothing_nodisc_reward": 277941.2773132324}