{"dn_played": 864, "donothing_reward": 252718.5499572754, "donothing_nodisc_reward": 252718.5499572754}