{"dn_played": 864, "donothing_reward": 235558.8803100586, "donothing_nodisc_reward": 235558.8803100586}