{"dn_played": 864, "donothing_reward": 259529.3685913086, "donothing_nodisc_reward": 259529.3685913086}