{"dn_played": 864, "donothing_reward": 256831.57974243164, "donothing_nodisc_reward": 256831.57974243164}