{"dn_played": 864, "donothing_reward": 207326.3345336914, "donothing_nodisc_reward": 207326.3345336914}