{"dn_played": 864, "donothing_reward": 251812.6141357422, "donothing_nodisc_reward": 251812.6141357422}