{"dn_played": 864, "donothing_reward": 262478.15811157227, "donothing_nodisc_reward": 262478.15811157227}