{"dn_played": 864, "donothing_reward": 219277.69271850586, "donothing_nodisc_reward": 219277.69271850586}