{"dn_played": 864, "donothing_reward": 231962.29385375977, "donothing_nodisc_reward": 231962.29385375977}