{"dn_played": 864, "donothing_reward": 207008.42819213867, "donothing_nodisc_reward": 207008.42819213867}