{"dn_played": 864, "donothing_reward": 212086.3751220703, "donothing_nodisc_reward": 212086.3751220703}