{"dn_played": 864, "donothing_reward": 235788.2452392578, "donothing_nodisc_reward": 235788.2452392578}