{"dn_played": 864, "donothing_reward": 248599.89547729492, "donothing_nodisc_reward": 248599.89547729492}