{"dn_played": 519, "donothing_reward": 161290.65042114258, "donothing_nodisc_reward": 275763.9553833008}