{"dn_played": 864, "donothing_reward": 222280.9635925293, "donothing_nodisc_reward": 222280.9635925293}