{"dn_played": 93, "donothing_reward": 28852.154327392578, "donothing_nodisc_reward": 253522.98385620117}