{"dn_played": 239, "donothing_reward": 56660.34326171875, "donothing_nodisc_reward": 245144.35791015625}