{"dn_played": 864, "donothing_reward": 259103.85818481445, "donothing_nodisc_reward": 259103.85818481445}