{"dn_played": 5, "donothing_reward": 2078.279052734375, "donothing_nodisc_reward": 265753.3711242676}