{"dn_played": 522, "donothing_reward": 136441.65551757812, "donothing_nodisc_reward": 235925.224609375}