{"dn_played": 814, "donothing_reward": 215583.56622314453, "donothing_nodisc_reward": 233559.30236816406}