{"dn_played": 90, "donothing_reward": 27060.427337646484, "donothing_nodisc_reward": 238598.4927368164}