{"dn_played": 231, "donothing_reward": 71568.23587036133, "donothing_nodisc_reward": 267087.7589416504}