{"dn_played": 378, "donothing_reward": 110278.41744995117, "donothing_nodisc_reward": 257342.78076171875}