{"dn_played": 807, "donothing_reward": 241609.2716369629, "donothing_nodisc_reward": 261897.92587280273}