{"dn_played": 238, "donothing_reward": 73031.50674438477, "donothing_nodisc_reward": 288504.18075561523}