{"dn_played": 236, "donothing_reward": 67501.78872680664, "donothing_nodisc_reward": 250374.69924926758}