{"dn_played": 864, "donothing_reward": 263659.3589782715, "donothing_nodisc_reward": 263659.3589782715}