{"dn_played": 815, "donothing_reward": 215998.67639160156, "donothing_nodisc_reward": 232852.89794921875}