{"dn_played": 864, "donothing_reward": 234514.7378540039, "donothing_nodisc_reward": 234514.7378540039}