{"dn_played": 864, "donothing_reward": 211782.8060913086, "donothing_nodisc_reward": 211782.8060913086}