{"dn_played": 91, "donothing_reward": 27471.835418701172, "donothing_nodisc_reward": 254948.4423828125}