{"dn_played": 236, "donothing_reward": 78299.33892822266, "donothing_nodisc_reward": 279714.7117614746}