{"dn_played": 666, "donothing_reward": 194277.91757202148, "donothing_nodisc_reward": 263853.6405944824}