{"dn_played": 864, "donothing_reward": 213662.7423095703, "donothing_nodisc_reward": 213662.7423095703}