{"dn_played": 864, "donothing_reward": 236090.96298217773, "donothing_nodisc_reward": 236090.96298217773}