{"dn_played": 526, "donothing_reward": 151616.05996704102, "donothing_nodisc_reward": 265091.89697265625}