{"dn_played": 527, "donothing_reward": 134952.4582824707, "donothing_nodisc_reward": 242176.35513305664}