{"dn_played": 864, "donothing_reward": 217424.98168945312, "donothing_nodisc_reward": 217424.98168945312}