{"dn_played": 864, "donothing_reward": 249231.33850097656, "donothing_nodisc_reward": 249231.33850097656}