{"dn_played": 864, "donothing_reward": 254147.13592529297, "donothing_nodisc_reward": 254147.13592529297}