{"dn_played": 864, "donothing_reward": 214194.57717895508, "donothing_nodisc_reward": 214194.57717895508}