{"dn_played": 91, "donothing_reward": 28734.736419677734, "donothing_nodisc_reward": 262243.2389831543}