{"dn_played": 527, "donothing_reward": 153665.08950805664, "donothing_nodisc_reward": 254744.4451904297}