{"dn_played": 236, "donothing_reward": 72899.30932617188, "donothing_nodisc_reward": 273441.0824584961}