{"dn_played": 525, "donothing_reward": 127968.28775024414, "donothing_nodisc_reward": 231959.5915222168}