{"dn_played": 803, "donothing_reward": 207190.81552124023, "donothing_nodisc_reward": 228581.7059326172}