{"dn_played": 227, "donothing_reward": 67653.34573364258, "donothing_nodisc_reward": 271142.54013061523}