{"dn_played": 812, "donothing_reward": 218676.1336669922, "donothing_nodisc_reward": 237819.1339111328}