{"dn_played": 380, "donothing_reward": 115883.32330322266, "donothing_nodisc_reward": 282988.73275756836}