{"dn_played": 5, "donothing_reward": 2066.63232421875, "donothing_nodisc_reward": 272608.9811706543}