{"dn_played": 236, "donothing_reward": 72180.7785949707, "donothing_nodisc_reward": 260237.47131347656}