{"dn_played": 864, "donothing_reward": 225762.9978942871, "donothing_nodisc_reward": 225762.9978942871}