{"dn_played": 234, "donothing_reward": 75054.6686706543, "donothing_nodisc_reward": 277689.41146850586}