{"dn_played": 864, "donothing_reward": 243933.48266601562, "donothing_nodisc_reward": 243933.48266601562}