{"dn_played": 813, "donothing_reward": 199444.43154907227, "donothing_nodisc_reward": 216168.8899230957}