{"dn_played": 864, "donothing_reward": 229548.81591796875, "donothing_nodisc_reward": 229548.81591796875}