{"dn_played": 237, "donothing_reward": 65841.7485961914, "donothing_nodisc_reward": 265990.34744262695}