{"dn_played": 92, "donothing_reward": 26423.87872314453, "donothing_nodisc_reward": 283540.6343078613}