{"dn_played": 522, "donothing_reward": 162321.51406860352, "donothing_nodisc_reward": 275928.17810058594}