{"dn_played": 524, "donothing_reward": 157978.4528503418, "donothing_nodisc_reward": 262873.59786987305}