{"dn_played": 668, "donothing_reward": 199105.1618347168, "donothing_nodisc_reward": 268625.36209106445}