{"dn_played": 239, "donothing_reward": 67912.94473266602, "donothing_nodisc_reward": 237815.66787719727}