{"dn_played": 515, "donothing_reward": 132544.13186645508, "donothing_nodisc_reward": 245263.23593139648}