{"dn_played": 864, "donothing_reward": 241854.18060302734, "donothing_nodisc_reward": 241854.18060302734}