{"dn_played": 864, "donothing_reward": 210310.54168701172, "donothing_nodisc_reward": 210310.54168701172}