{"dn_played": 801, "donothing_reward": 202749.91708374023, "donothing_nodisc_reward": 226237.4365234375}