{"dn_played": 864, "donothing_reward": 215456.96228027344, "donothing_nodisc_reward": 215456.96228027344}