{"dn_played": 864, "donothing_reward": 244582.5228881836, "donothing_nodisc_reward": 244582.5228881836}