{"dn_played": 864, "donothing_reward": 210417.82745361328, "donothing_nodisc_reward": 210417.82745361328}