{"dn_played": 514, "donothing_reward": 150691.96618652344, "donothing_nodisc_reward": 267253.1694030762}