{"dn_played": 864, "donothing_reward": 221715.59844970703, "donothing_nodisc_reward": 221715.59844970703}