{"dn_played": 864, "donothing_reward": 243056.1605834961, "donothing_nodisc_reward": 243056.1605834961}