{"dn_played": 864, "donothing_reward": 249429.4482421875, "donothing_nodisc_reward": 249429.4482421875}