{"dn_played": 226, "donothing_reward": 70223.09854125977, "donothing_nodisc_reward": 276494.29306030273}