{"dn_played": 225, "donothing_reward": 62046.65505981445, "donothing_nodisc_reward": 252816.21200561523}