{"dn_played": 802, "donothing_reward": 212415.06219482422, "donothing_nodisc_reward": 235398.0435180664}