{"dn_played": 864, "donothing_reward": 247372.7165222168, "donothing_nodisc_reward": 247372.7165222168}