{"dn_played": 864, "donothing_reward": 224069.25659179688, "donothing_nodisc_reward": 224069.25659179688}