{"dn_played": 797, "donothing_reward": 237949.2049560547, "donothing_nodisc_reward": 263582.49740600586}