{"dn_played": 513, "donothing_reward": 129341.82946777344, "donothing_nodisc_reward": 234531.45065307617}