{"dn_played": 227, "donothing_reward": 69861.18692016602, "donothing_nodisc_reward": 273486.8095397949}