{"dn_played": 864, "donothing_reward": 249951.55151367188, "donothing_nodisc_reward": 249951.55151367188}