{"dn_played": 864, "donothing_reward": 255424.87518310547, "donothing_nodisc_reward": 255424.87518310547}