{"dn_played": 509, "donothing_reward": 152369.26919555664, "donothing_nodisc_reward": 261375.1026916504}