{"dn_played": 864, "donothing_reward": 250997.9818725586, "donothing_nodisc_reward": 250997.9818725586}