{"dn_played": 221, "donothing_reward": 66919.06243896484, "donothing_nodisc_reward": 237647.99194335938}