{"dn_played": 864, "donothing_reward": 252732.2442626953, "donothing_nodisc_reward": 252732.2442626953}