{"dn_played": 864, "donothing_reward": 238974.5184326172, "donothing_nodisc_reward": 238974.5184326172}