{"dn_played": 864, "donothing_reward": 250162.41561889648, "donothing_nodisc_reward": 250162.41561889648}