{"dn_played": 721, "donothing_reward": 164743.4578857422, "donothing_nodisc_reward": 203031.34811401367}