{"dn_played": 864, "donothing_reward": 225068.58306884766, "donothing_nodisc_reward": 225068.58306884766}