{"dn_played": 101, "donothing_reward": 25570.33074951172, "donothing_nodisc_reward": 252788.18786621094}