{"dn_played": 864, "donothing_reward": 204586.99813842773, "donothing_nodisc_reward": 204586.99813842773}