{"dn_played": 864, "donothing_reward": 201505.29556274414, "donothing_nodisc_reward": 201505.29556274414}