{"dn_played": 864, "donothing_reward": 231289.06509399414, "donothing_nodisc_reward": 231289.06509399414}