{"dn_played": 114, "donothing_reward": 31680.830017089844, "donothing_nodisc_reward": 246502.31369018555}