{"dn_played": 864, "donothing_reward": 248393.64456176758, "donothing_nodisc_reward": 248393.64456176758}