{"dn_played": 685, "donothing_reward": 184213.30590820312, "donothing_nodisc_reward": 236866.63360595703}