{"dn_played": 389, "donothing_reward": 101980.27612304688, "donothing_nodisc_reward": 241275.32623291016}