{"dn_played": 864, "donothing_reward": 208712.5601196289, "donothing_nodisc_reward": 208712.5601196289}