{"dn_played": 677, "donothing_reward": 180394.58779907227, "donothing_nodisc_reward": 235852.99118041992}