{"dn_played": 864, "donothing_reward": 214450.93872070312, "donothing_nodisc_reward": 214450.93872070312}