{"dn_played": 864, "donothing_reward": 253119.08889770508, "donothing_nodisc_reward": 253119.08889770508}