{"dn_played": 864, "donothing_reward": 207941.29653930664, "donothing_nodisc_reward": 207941.29653930664}