{"dn_played": 864, "donothing_reward": 195245.26123046875, "donothing_nodisc_reward": 195245.26123046875}