{"dn_played": 147, "donothing_reward": 36304.118743896484, "donothing_nodisc_reward": 229542.21282958984}