{"dn_played": 864, "donothing_reward": 234456.55227661133, "donothing_nodisc_reward": 234456.55227661133}