{"dn_played": 864, "donothing_reward": 202828.1787109375, "donothing_nodisc_reward": 202828.1787109375}