{"dn_played": 864, "donothing_reward": 227206.03652954102, "donothing_nodisc_reward": 227206.03652954102}