{"dn_played": 864, "donothing_reward": 225615.63110351562, "donothing_nodisc_reward": 225615.63110351562}