{"dn_played": 109, "donothing_reward": 25639.902435302734, "donothing_nodisc_reward": 221849.92248535156}