{"dn_played": 435, "donothing_reward": 106764.08227539062, "donothing_nodisc_reward": 218024.54040527344}