{"dn_played": 397, "donothing_reward": 101843.06604003906, "donothing_nodisc_reward": 232419.25064086914}