{"dn_played": 864, "donothing_reward": 212953.20190429688, "donothing_nodisc_reward": 212953.20190429688}