{"dn_played": 864, "donothing_reward": 231773.81423950195, "donothing_nodisc_reward": 231773.81423950195}