{"dn_played": 864, "donothing_reward": 219089.24728393555, "donothing_nodisc_reward": 219089.24728393555}