{"dn_played": 229, "donothing_reward": 62419.65264892578, "donothing_nodisc_reward": 245076.6372680664}