{"dn_played": 864, "donothing_reward": 242462.5587463379, "donothing_nodisc_reward": 242462.5587463379}