{"dn_played": 118, "donothing_reward": 31099.482666015625, "donothing_nodisc_reward": 238232.26806640625}