{"dn_played": 696, "donothing_reward": 196627.9270324707, "donothing_nodisc_reward": 247033.5824584961}