{"dn_played": 864, "donothing_reward": 262166.0121154785, "donothing_nodisc_reward": 262166.0121154785}