{"dn_played": 406, "donothing_reward": 113465.69787597656, "donothing_nodisc_reward": 246024.03198242188}