{"dn_played": 691, "donothing_reward": 213136.39993286133, "donothing_nodisc_reward": 270280.6074523926}