{"dn_played": 864, "donothing_reward": 247797.83813476562, "donothing_nodisc_reward": 247797.83813476562}