{"dn_played": 864, "donothing_reward": 224124.74197387695, "donothing_nodisc_reward": 224124.74197387695}