{"dn_played": 694, "donothing_reward": 201053.2705078125, "donothing_nodisc_reward": 255950.52459716797}