{"dn_played": 120, "donothing_reward": 34082.60140991211, "donothing_nodisc_reward": 220353.48983764648}