{"dn_played": 864, "donothing_reward": 251876.4991760254, "donothing_nodisc_reward": 251876.4991760254}