{"dn_played": 864, "donothing_reward": 214451.17050170898, "donothing_nodisc_reward": 214451.17050170898}