{"dn_played": 864, "donothing_reward": 224338.38958740234, "donothing_nodisc_reward": 224338.38958740234}