{"dn_played": 864, "donothing_reward": 209284.37561035156, "donothing_nodisc_reward": 209284.37561035156}