{"dn_played": 864, "donothing_reward": 218087.96936035156, "donothing_nodisc_reward": 218087.96936035156}