{"dn_played": 864, "donothing_reward": 219415.58853149414, "donothing_nodisc_reward": 219415.58853149414}