{"dn_played": 408, "donothing_reward": 116074.47106933594, "donothing_nodisc_reward": 238951.58279418945}