{"dn_played": 517, "donothing_reward": 143099.74435424805, "donothing_nodisc_reward": 238911.21658325195}