{"dn_played": 864, "donothing_reward": 213446.68075561523, "donothing_nodisc_reward": 213446.68075561523}