{"dn_played": 805, "donothing_reward": 222860.0168762207, "donothing_nodisc_reward": 241579.90463256836}