{"dn_played": 403, "donothing_reward": 122888.18215942383, "donothing_nodisc_reward": 253403.98406982422}