{"dn_played": 864, "donothing_reward": 244942.4104309082, "donothing_nodisc_reward": 244942.4104309082}