{"dn_played": 864, "donothing_reward": 239166.4437866211, "donothing_nodisc_reward": 239166.4437866211}