{"dn_played": 241, "donothing_reward": 71811.0131225586, "donothing_nodisc_reward": 240657.6319885254}