{"dn_played": 864, "donothing_reward": 219730.5094909668, "donothing_nodisc_reward": 219730.5094909668}