{"dn_played": 236, "donothing_reward": 69824.36791992188, "donothing_nodisc_reward": 275184.2102050781}