{"dn_played": 670, "donothing_reward": 170697.6310119629, "donothing_nodisc_reward": 240194.28359985352}