{"dn_played": 864, "donothing_reward": 217090.08056640625, "donothing_nodisc_reward": 217090.08056640625}