{"dn_played": 5, "donothing_reward": 2207.290283203125, "donothing_nodisc_reward": 269232.5407409668}