{"dn_played": 5, "donothing_reward": 2180.2178344726562, "donothing_nodisc_reward": 276309.32861328125}