{"dn_played": 199, "donothing_reward": 61388.77084350586, "donothing_nodisc_reward": 283657.7638244629}