{"dn_played": 529, "donothing_reward": 164266.1513671875, "donothing_nodisc_reward": 260201.88064575195}