{"dn_played": 810, "donothing_reward": 214457.37649536133, "donothing_nodisc_reward": 232452.96356201172}