{"dn_played": 864, "donothing_reward": 252991.28036499023, "donothing_nodisc_reward": 252991.28036499023}