{"dn_played": 94, "donothing_reward": 27612.609802246094, "donothing_nodisc_reward": 277257.0266723633}