{"dn_played": 524, "donothing_reward": 146379.93798828125, "donothing_nodisc_reward": 258539.85595703125}