{"dn_played": 805, "donothing_reward": 215832.62506103516, "donothing_nodisc_reward": 238017.2137451172}