{"dn_played": 229, "donothing_reward": 72311.93887329102, "donothing_nodisc_reward": 279203.74893188477}