{"dn_played": 234, "donothing_reward": 74583.82424926758, "donothing_nodisc_reward": 267760.1791381836}