{"dn_played": 864, "donothing_reward": 251352.34939575195, "donothing_nodisc_reward": 251352.34939575195}