{"dn_played": 233, "donothing_reward": 71708.67593383789, "donothing_nodisc_reward": 256779.17373657227}