{"dn_played": 864, "donothing_reward": 222447.2413635254, "donothing_nodisc_reward": 222447.2413635254}