{"dn_played": 97, "donothing_reward": 28197.629333496094, "donothing_nodisc_reward": 233264.6125793457}