{"dn_played": 864, "donothing_reward": 226736.87759399414, "donothing_nodisc_reward": 226736.87759399414}