{"dn_played": 817, "donothing_reward": 248610.0235900879, "donothing_nodisc_reward": 263206.5934753418}