{"dn_played": 517, "donothing_reward": 157128.2673034668, "donothing_nodisc_reward": 272848.07022094727}