{"dn_played": 864, "donothing_reward": 232623.0160522461, "donothing_nodisc_reward": 232623.0160522461}