{"dn_played": 232, "donothing_reward": 71416.39047241211, "donothing_nodisc_reward": 231424.9464416504}