{"dn_played": 382, "donothing_reward": 104879.85116577148, "donothing_nodisc_reward": 269594.19921875}