{"dn_played": 864, "donothing_reward": 217351.20803833008, "donothing_nodisc_reward": 217351.20803833008}