{"dn_played": 513, "donothing_reward": 159200.2025756836, "donothing_nodisc_reward": 276761.6551208496}