{"dn_played": 517, "donothing_reward": 142282.88720703125, "donothing_nodisc_reward": 257651.36138916016}