{"dn_played": 864, "donothing_reward": 224550.7127380371, "donothing_nodisc_reward": 224550.7127380371}