{"dn_played": 242, "donothing_reward": 55378.44583129883, "donothing_nodisc_reward": 244000.00595092773}