{"dn_played": 818, "donothing_reward": 215617.1701965332, "donothing_nodisc_reward": 230031.14364624023}