{"dn_played": 805, "donothing_reward": 221424.77975463867, "donothing_nodisc_reward": 241966.11267089844}