{"dn_played": 801, "donothing_reward": 248304.48175048828, "donothing_nodisc_reward": 272588.7008666992}