{"dn_played": 230, "donothing_reward": 61614.306579589844, "donothing_nodisc_reward": 260001.30996704102}