{"dn_played": 518, "donothing_reward": 127729.36532592773, "donothing_nodisc_reward": 242201.09802246094}