{"dn_played": 864, "donothing_reward": 215271.28860473633, "donothing_nodisc_reward": 215271.28860473633}