{"dn_played": 237, "donothing_reward": 67481.49880981445, "donothing_nodisc_reward": 263882.8642272949}