{"dn_played": 864, "donothing_reward": 225270.20904541016, "donothing_nodisc_reward": 225270.20904541016}