{"dn_played": 864, "donothing_reward": 230777.56393432617, "donothing_nodisc_reward": 230777.56393432617}