{"dn_played": 864, "donothing_reward": 249328.36822509766, "donothing_nodisc_reward": 249328.36822509766}