{"dn_played": 229, "donothing_reward": 69081.47134399414, "donothing_nodisc_reward": 266394.36630249023}