{"dn_played": 864, "donothing_reward": 240348.95629882812, "donothing_nodisc_reward": 240348.95629882812}