{"dn_played": 94, "donothing_reward": 28818.63687133789, "donothing_nodisc_reward": 253262.79525756836}