{"dn_played": 689, "donothing_reward": 197873.5213623047, "donothing_nodisc_reward": 255477.09533691406}