{"dn_played": 806, "donothing_reward": 204220.59854125977, "donothing_nodisc_reward": 224906.8212890625}