{"dn_played": 113, "donothing_reward": 30737.353149414062, "donothing_nodisc_reward": 259886.12014770508}