{"dn_played": 225, "donothing_reward": 74096.8950805664, "donothing_nodisc_reward": 280908.05603027344}