{"dn_played": 530, "donothing_reward": 124739.22052001953, "donothing_nodisc_reward": 228257.47314453125}