{"dn_played": 401, "donothing_reward": 118622.7333984375, "donothing_nodisc_reward": 260491.91345214844}