{"dn_played": 5, "donothing_reward": 2079.902587890625, "donothing_nodisc_reward": 266790.4244995117}