{"dn_played": 98, "donothing_reward": 30305.50454711914, "donothing_nodisc_reward": 254906.0467529297}