{"dn_played": 864, "donothing_reward": 206517.4722290039, "donothing_nodisc_reward": 206517.4722290039}