{"dn_played": 864, "donothing_reward": 225759.17831420898, "donothing_nodisc_reward": 225759.17831420898}