{"dn_played": 812, "donothing_reward": 228578.71118164062, "donothing_nodisc_reward": 248645.81909179688}