{"dn_played": 102, "donothing_reward": 27603.87368774414, "donothing_nodisc_reward": 229063.15460205078}