{"dn_played": 684, "donothing_reward": 182427.9107055664, "donothing_nodisc_reward": 235641.18606567383}