{"dn_played": 138, "donothing_reward": 32794.15963745117, "donothing_nodisc_reward": 245779.39407348633}