{"dn_played": 864, "donothing_reward": 214387.80670166016, "donothing_nodisc_reward": 214387.80670166016}