{"dn_played": 864, "donothing_reward": 248131.22146606445, "donothing_nodisc_reward": 248131.22146606445}