{"dn_played": 864, "donothing_reward": 243498.41796875, "donothing_nodisc_reward": 243498.41796875}