{"dn_played": 110, "donothing_reward": 28406.45867919922, "donothing_nodisc_reward": 244844.56680297852}