{"dn_played": 89, "donothing_reward": 26319.96499633789, "donothing_nodisc_reward": 249931.83624267578}