{"dn_played": 396, "donothing_reward": 106400.59411621094, "donothing_nodisc_reward": 235901.1524963379}