{"dn_played": 864, "donothing_reward": 215382.13439941406, "donothing_nodisc_reward": 215382.13439941406}