{"dn_played": 864, "donothing_reward": 224482.21450805664, "donothing_nodisc_reward": 224482.21450805664}