{"dn_played": 864, "donothing_reward": 215803.63403320312, "donothing_nodisc_reward": 215803.63403320312}