{"dn_played": 864, "donothing_reward": 217404.40658569336, "donothing_nodisc_reward": 217404.40658569336}