{"dn_played": 864, "donothing_reward": 228292.79678344727, "donothing_nodisc_reward": 228292.79678344727}