{"dn_played": 864, "donothing_reward": 246174.14276123047, "donothing_nodisc_reward": 246174.14276123047}