{"dn_played": 864, "donothing_reward": 205991.748046875, "donothing_nodisc_reward": 205991.748046875}