{"dn_played": 426, "donothing_reward": 103740.65072631836, "donothing_nodisc_reward": 231000.09399414062}