{"dn_played": 864, "donothing_reward": 220955.23391723633, "donothing_nodisc_reward": 220955.23391723633}