{"dn_played": 236, "donothing_reward": 69640.92660522461, "donothing_nodisc_reward": 271427.306060791}