{"dn_played": 714, "donothing_reward": 167117.2713623047, "donothing_nodisc_reward": 213939.44396972656}