{"dn_played": 108, "donothing_reward": 27301.09506225586, "donothing_nodisc_reward": 237138.53088378906}