{"dn_played": 864, "donothing_reward": 255582.6870727539, "donothing_nodisc_reward": 255582.6870727539}