{"dn_played": 524, "donothing_reward": 147036.08010864258, "donothing_nodisc_reward": 263508.9811706543}