{"dn_played": 90, "donothing_reward": 24992.183471679688, "donothing_nodisc_reward": 285398.18603515625}