{"dn_played": 799, "donothing_reward": 196858.95501708984, "donothing_nodisc_reward": 221041.45431518555}