{"dn_played": 281, "donothing_reward": 74073.43606567383, "donothing_nodisc_reward": 232466.01165771484}