{"dn_played": 513, "donothing_reward": 160657.6618347168, "donothing_nodisc_reward": 275300.9851074219}