{"dn_played": 226, "donothing_reward": 64354.19839477539, "donothing_nodisc_reward": 273958.41873168945}