{"dn_played": 230, "donothing_reward": 65366.62957763672, "donothing_nodisc_reward": 263929.0997314453}