{"dn_played": 223, "donothing_reward": 63086.655364990234, "donothing_nodisc_reward": 270698.8610839844}