{"dn_played": 225, "donothing_reward": 69966.76583862305, "donothing_nodisc_reward": 263760.5778503418}