{"dn_played": 386, "donothing_reward": 92834.58428955078, "donothing_nodisc_reward": 248164.4676208496}