{"dn_played": 864, "donothing_reward": 229391.6128540039, "donothing_nodisc_reward": 229391.6128540039}