{"dn_played": 772, "donothing_reward": 237483.43515014648, "donothing_nodisc_reward": 275283.9796447754}