{"dn_played": 484, "donothing_reward": 147383.71530151367, "donothing_nodisc_reward": 289232.1942138672}