{"dn_played": 225, "donothing_reward": 69972.46209716797, "donothing_nodisc_reward": 276383.38958740234}