{"dn_played": 674, "donothing_reward": 171985.07302856445, "donothing_nodisc_reward": 237215.23651123047}