{"dn_played": 196, "donothing_reward": 59940.01565551758, "donothing_nodisc_reward": 278627.9878234863}