{"dn_played": 233, "donothing_reward": 73605.84298706055, "donothing_nodisc_reward": 283697.3588562012}