{"dn_played": 228, "donothing_reward": 69936.06072998047, "donothing_nodisc_reward": 225697.38357543945}