{"dn_played": 91, "donothing_reward": 26528.30728149414, "donothing_nodisc_reward": 263941.9096374512}