{"dn_played": 98, "donothing_reward": 25051.116729736328, "donothing_nodisc_reward": 267824.69970703125}