{"dn_played": 87, "donothing_reward": 24297.869049072266, "donothing_nodisc_reward": 238590.36224365234}