{"dn_played": 511, "donothing_reward": 123962.62384033203, "donothing_nodisc_reward": 240883.93356323242}