{"dn_played": 518, "donothing_reward": 150120.3963623047, "donothing_nodisc_reward": 256757.78259277344}