{"dn_played": 806, "donothing_reward": 228682.06307983398, "donothing_nodisc_reward": 250148.3741760254}