{"dn_played": 516, "donothing_reward": 155107.1358642578, "donothing_nodisc_reward": 249992.490234375}