{"dn_played": 521, "donothing_reward": 152689.6589050293, "donothing_nodisc_reward": 256550.66543579102}