{"dn_played": 516, "donothing_reward": 152877.66961669922, "donothing_nodisc_reward": 272583.572845459}