{"dn_played": 96, "donothing_reward": 29313.520294189453, "donothing_nodisc_reward": 224346.94305419922}