{"dn_played": 864, "donothing_reward": 242297.0489501953, "donothing_nodisc_reward": 242297.0489501953}