{"dn_played": 230, "donothing_reward": 72873.09030151367, "donothing_nodisc_reward": 257594.13925170898}