{"dn_played": 806, "donothing_reward": 245912.00189208984, "donothing_nodisc_reward": 267315.5665588379}