{"dn_played": 864, "donothing_reward": 211638.11279296875, "donothing_nodisc_reward": 211638.11279296875}