{"dn_played": 864, "donothing_reward": 225898.05465698242, "donothing_nodisc_reward": 225898.05465698242}