{"dn_played": 233, "donothing_reward": 71403.42889404297, "donothing_nodisc_reward": 259506.58142089844}