{"dn_played": 521, "donothing_reward": 134899.70727539062, "donothing_nodisc_reward": 232716.18881225586}