{"dn_played": 864, "donothing_reward": 226420.9568786621, "donothing_nodisc_reward": 226420.9568786621}