{"dn_played": 518, "donothing_reward": 162279.62899780273, "donothing_nodisc_reward": 277010.14892578125}