{"dn_played": 864, "donothing_reward": 237734.00939941406, "donothing_nodisc_reward": 237734.00939941406}