{"dn_played": 864, "donothing_reward": 227339.51461791992, "donothing_nodisc_reward": 227339.51461791992}