{"dn_played": 864, "donothing_reward": 208901.0578918457, "donothing_nodisc_reward": 208901.0578918457}