{"dn_played": 864, "donothing_reward": 258352.33764648438, "donothing_nodisc_reward": 258352.33764648438}