{"dn_played": 804, "donothing_reward": 237556.97595214844, "donothing_nodisc_reward": 260626.88903808594}