{"dn_played": 228, "donothing_reward": 71302.7301940918, "donothing_nodisc_reward": 278013.01513671875}