{"dn_played": 511, "donothing_reward": 144463.02682495117, "donothing_nodisc_reward": 259513.00827026367}