{"dn_played": 235, "donothing_reward": 69805.87670898438, "donothing_nodisc_reward": 258202.17239379883}