{"dn_played": 95, "donothing_reward": 28632.83609008789, "donothing_nodisc_reward": 256878.24996948242}