{"dn_played": 864, "donothing_reward": 235049.78881835938, "donothing_nodisc_reward": 235049.78881835938}