{"dn_played": 223, "donothing_reward": 66581.95672607422, "donothing_nodisc_reward": 265867.82501220703}