{"dn_played": 864, "donothing_reward": 261484.75326538086, "donothing_nodisc_reward": 261484.75326538086}