{"dn_played": 864, "donothing_reward": 211200.95245361328, "donothing_nodisc_reward": 211200.95245361328}