{"dn_played": 799, "donothing_reward": 205492.48559570312, "donothing_nodisc_reward": 231804.29931640625}