{"dn_played": 97, "donothing_reward": 28742.31576538086, "donothing_nodisc_reward": 240695.08331298828}