{"dn_played": 234, "donothing_reward": 75427.49642944336, "donothing_nodisc_reward": 271412.0309448242}