{"dn_played": 223, "donothing_reward": 65920.16641235352, "donothing_nodisc_reward": 273806.4601135254}