{"dn_played": 87, "donothing_reward": 27375.913330078125, "donothing_nodisc_reward": 263031.2399291992}