{"dn_played": 5, "donothing_reward": 2122.951904296875, "donothing_nodisc_reward": 240668.21914672852}