{"dn_played": 5, "donothing_reward": 2304.3926391601562, "donothing_nodisc_reward": 241379.6287536621}