{"dn_played": 5, "donothing_reward": 2040.7358703613281, "donothing_nodisc_reward": 293602.9089355469}