{"dn_played": 522, "donothing_reward": 164245.4075012207, "donothing_nodisc_reward": 283399.2105102539}