{"dn_played": 235, "donothing_reward": 71862.08932495117, "donothing_nodisc_reward": 260548.0696105957}