{"dn_played": 5, "donothing_reward": 2086.76416015625, "donothing_nodisc_reward": 301370.1371765137}