{"dn_played": 99, "donothing_reward": 28288.203369140625, "donothing_nodisc_reward": 274952.60971069336}