{"dn_played": 387, "donothing_reward": 106947.03973388672, "donothing_nodisc_reward": 258695.6886291504}