{"dn_played": 5, "donothing_reward": 2005.0277099609375, "donothing_nodisc_reward": 285435.4685974121}