{"dn_played": 5, "donothing_reward": 2067.6929626464844, "donothing_nodisc_reward": 283640.8352661133}