{"dn_played": 673, "donothing_reward": 168687.84829711914, "donothing_nodisc_reward": 232230.65139770508}