{"dn_played": 219, "donothing_reward": 64170.96109008789, "donothing_nodisc_reward": 280484.7277832031}