{"dn_played": 486, "donothing_reward": 127972.83364868164, "donothing_nodisc_reward": 254579.8080444336}