{"dn_played": 5, "donothing_reward": 2154.807373046875, "donothing_nodisc_reward": 279445.8628845215}