{"dn_played": 90, "donothing_reward": 28189.37921142578, "donothing_nodisc_reward": 253049.72442626953}