{"dn_played": 511, "donothing_reward": 137001.98342895508, "donothing_nodisc_reward": 253154.52575683594}