{"dn_played": 507, "donothing_reward": 134459.29559326172, "donothing_nodisc_reward": 258569.5848083496}