{"dn_played": 224, "donothing_reward": 72993.45086669922, "donothing_nodisc_reward": 246784.60800170898}