{"dn_played": 6, "donothing_reward": 2331.5441284179688, "donothing_nodisc_reward": 274208.8981628418}