{"dn_played": 198, "donothing_reward": 58162.957092285156, "donothing_nodisc_reward": 282451.0414123535}