{"dn_played": 233, "donothing_reward": 71441.78384399414, "donothing_nodisc_reward": 281090.02655029297}