{"dn_played": 795, "donothing_reward": 211290.02709960938, "donothing_nodisc_reward": 237820.79376220703}