{"dn_played": 864, "donothing_reward": 212071.23672485352, "donothing_nodisc_reward": 212071.23672485352}