{"dn_played": 864, "donothing_reward": 228469.18426513672, "donothing_nodisc_reward": 228469.18426513672}