{"dn_played": 864, "donothing_reward": 253366.47720336914, "donothing_nodisc_reward": 253366.47720336914}