{"dn_played": 382, "donothing_reward": 105773.1255493164, "donothing_nodisc_reward": 253154.03228759766}