{"dn_played": 520, "donothing_reward": 150070.89135742188, "donothing_nodisc_reward": 248200.93948364258}