{"dn_played": 864, "donothing_reward": 251163.37951660156, "donothing_nodisc_reward": 251163.37951660156}