{"dn_played": 808, "donothing_reward": 221838.5227355957, "donothing_nodisc_reward": 239079.94247436523}