{"dn_played": 864, "donothing_reward": 245253.59512329102, "donothing_nodisc_reward": 245253.59512329102}