{"dn_played": 864, "donothing_reward": 195348.99444580078, "donothing_nodisc_reward": 195348.99444580078}