{"dn_played": 864, "donothing_reward": 212327.9571533203, "donothing_nodisc_reward": 212327.9571533203}