{"dn_played": 864, "donothing_reward": 236260.58395385742, "donothing_nodisc_reward": 236260.58395385742}