{"dn_played": 94, "donothing_reward": 22985.639282226562, "donothing_nodisc_reward": 242008.9291381836}