{"dn_played": 111, "donothing_reward": 31723.000274658203, "donothing_nodisc_reward": 226898.76007080078}