{"dn_played": 864, "donothing_reward": 227171.99142456055, "donothing_nodisc_reward": 227171.99142456055}