{"dn_played": 864, "donothing_reward": 254871.46545410156, "donothing_nodisc_reward": 254871.46545410156}