{"dn_played": 864, "donothing_reward": 230651.4569091797, "donothing_nodisc_reward": 230651.4569091797}