{"dn_played": 864, "donothing_reward": 213377.4252319336, "donothing_nodisc_reward": 213377.4252319336}