{"dn_played": 864, "donothing_reward": 208360.96755981445, "donothing_nodisc_reward": 208360.96755981445}