{"dn_played": 864, "donothing_reward": 270976.5058898926, "donothing_nodisc_reward": 270976.5058898926}