{"dn_played": 864, "donothing_reward": 238071.29989624023, "donothing_nodisc_reward": 238071.29989624023}