{"dn_played": 864, "donothing_reward": 216707.6397705078, "donothing_nodisc_reward": 216707.6397705078}