{"dn_played": 670, "donothing_reward": 187649.06518554688, "donothing_nodisc_reward": 244827.81982421875}