{"dn_played": 232, "donothing_reward": 64927.42379760742, "donothing_nodisc_reward": 247666.6030883789}