{"dn_played": 864, "donothing_reward": 245369.74197387695, "donothing_nodisc_reward": 245369.74197387695}