{"dn_played": 864, "donothing_reward": 270980.73028564453, "donothing_nodisc_reward": 270980.73028564453}