{"dn_played": 864, "donothing_reward": 222156.68411254883, "donothing_nodisc_reward": 222156.68411254883}