{"dn_played": 527, "donothing_reward": 160663.76077270508, "donothing_nodisc_reward": 269676.1022949219}