{"dn_played": 408, "donothing_reward": 109265.55581665039, "donothing_nodisc_reward": 252652.16339111328}