{"dn_played": 236, "donothing_reward": 63271.174407958984, "donothing_nodisc_reward": 258128.86337280273}