{"dn_played": 229, "donothing_reward": 69787.28723144531, "donothing_nodisc_reward": 230180.27069091797}