{"dn_played": 805, "donothing_reward": 242816.6477355957, "donothing_nodisc_reward": 263851.97860717773}