{"dn_played": 120, "donothing_reward": 29154.533477783203, "donothing_nodisc_reward": 256176.87530517578}