{"dn_played": 864, "donothing_reward": 237085.94436645508, "donothing_nodisc_reward": 237085.94436645508}