{"dn_played": 239, "donothing_reward": 68184.08151245117, "donothing_nodisc_reward": 248451.33239746094}