{"dn_played": 801, "donothing_reward": 196606.93322753906, "donothing_nodisc_reward": 221617.9769897461}