{"dn_played": 223, "donothing_reward": 64539.82507324219, "donothing_nodisc_reward": 280049.81369018555}