{"dn_played": 513, "donothing_reward": 126710.74655151367, "donothing_nodisc_reward": 231832.8126525879}