{"dn_played": 812, "donothing_reward": 191987.75674438477, "donothing_nodisc_reward": 208122.93167114258}