{"dn_played": 524, "donothing_reward": 122654.80432128906, "donothing_nodisc_reward": 225032.8140258789}