{"dn_played": 864, "donothing_reward": 246296.57119750977, "donothing_nodisc_reward": 246296.57119750977}