{"dn_played": 864, "donothing_reward": 240561.2335205078, "donothing_nodisc_reward": 240561.2335205078}