{"dn_played": 517, "donothing_reward": 159623.77221679688, "donothing_nodisc_reward": 252627.4610900879}