{"dn_played": 864, "donothing_reward": 212352.31658935547, "donothing_nodisc_reward": 212352.31658935547}