{"dn_played": 89, "donothing_reward": 25650.843139648438, "donothing_nodisc_reward": 281688.70193481445}