{"dn_played": 225, "donothing_reward": 66204.83087158203, "donothing_nodisc_reward": 256275.49118041992}