{"dn_played": 864, "donothing_reward": 226996.3655090332, "donothing_nodisc_reward": 226996.3655090332}