{"dn_played": 231, "donothing_reward": 70902.41876220703, "donothing_nodisc_reward": 252916.04125976562}