{"dn_played": 864, "donothing_reward": 215746.9171142578, "donothing_nodisc_reward": 215746.9171142578}