{"dn_played": 815, "donothing_reward": 246906.5955505371, "donothing_nodisc_reward": 264217.4075317383}