{"dn_played": 799, "donothing_reward": 219567.8325805664, "donothing_nodisc_reward": 244725.54458618164}