{"dn_played": 93, "donothing_reward": 28385.26727294922, "donothing_nodisc_reward": 221738.52767944336}