{"dn_played": 511, "donothing_reward": 152178.53799438477, "donothing_nodisc_reward": 276005.0973510742}