{"dn_played": 521, "donothing_reward": 131858.27584838867, "donothing_nodisc_reward": 241275.2439880371}