{"dn_played": 864, "donothing_reward": 244444.18487548828, "donothing_nodisc_reward": 244444.18487548828}