{"dn_played": 233, "donothing_reward": 66490.16610717773, "donothing_nodisc_reward": 266016.5237426758}