{"dn_played": 864, "donothing_reward": 238241.67068481445, "donothing_nodisc_reward": 238241.67068481445}