{"dn_played": 230, "donothing_reward": 68287.1001586914, "donothing_nodisc_reward": 263795.4849243164}