{"dn_played": 864, "donothing_reward": 260104.29336547852, "donothing_nodisc_reward": 260104.29336547852}