{"dn_played": 812, "donothing_reward": 223418.1711730957, "donothing_nodisc_reward": 241686.8881225586}