{"dn_played": 864, "donothing_reward": 226225.8367919922, "donothing_nodisc_reward": 226225.8367919922}