{"dn_played": 864, "donothing_reward": 269824.520111084, "donothing_nodisc_reward": 269824.520111084}