{"dn_played": 524, "donothing_reward": 141502.09924316406, "donothing_nodisc_reward": 241264.912109375}