{"dn_played": 222, "donothing_reward": 69759.5920715332, "donothing_nodisc_reward": 252072.56240844727}