{"dn_played": 225, "donothing_reward": 65776.02639770508, "donothing_nodisc_reward": 229909.20120239258}