{"dn_played": 87, "donothing_reward": 25622.440887451172, "donothing_nodisc_reward": 263388.466796875}