{"dn_played": 864, "donothing_reward": 222861.14669799805, "donothing_nodisc_reward": 222861.14669799805}