{"dn_played": 513, "donothing_reward": 128409.8412475586, "donothing_nodisc_reward": 234899.78912353516}