{"dn_played": 864, "donothing_reward": 267645.2670288086, "donothing_nodisc_reward": 267645.2670288086}