{"dn_played": 864, "donothing_reward": 213496.30752563477, "donothing_nodisc_reward": 213496.30752563477}