{"dn_played": 798, "donothing_reward": 234935.11407470703, "donothing_nodisc_reward": 261032.62756347656}