{"dn_played": 510, "donothing_reward": 153441.01815795898, "donothing_nodisc_reward": 264511.12854003906}