{"dn_played": 809, "donothing_reward": 207148.97958374023, "donothing_nodisc_reward": 227093.99124145508}