{"dn_played": 236, "donothing_reward": 70957.26541137695, "donothing_nodisc_reward": 254401.50436401367}