{"dn_played": 864, "donothing_reward": 254367.49771118164, "donothing_nodisc_reward": 254367.49771118164}