{"dn_played": 864, "donothing_reward": 251910.97579956055, "donothing_nodisc_reward": 251910.97579956055}