{"dn_played": 227, "donothing_reward": 64875.608459472656, "donothing_nodisc_reward": 258577.7569580078}