{"dn_played": 232, "donothing_reward": 66997.51870727539, "donothing_nodisc_reward": 275878.2650756836}