{"dn_played": 520, "donothing_reward": 152764.88732910156, "donothing_nodisc_reward": 272395.2459716797}