{"dn_played": 92, "donothing_reward": 28110.974212646484, "donothing_nodisc_reward": 274727.78533935547}