{"dn_played": 223, "donothing_reward": 63860.927825927734, "donothing_nodisc_reward": 263115.03143310547}