{"dn_played": 5, "donothing_reward": 2179.8632202148438, "donothing_nodisc_reward": 264449.80377197266}