{"dn_played": 236, "donothing_reward": 68494.12759399414, "donothing_nodisc_reward": 281322.9216003418}