{"dn_played": 230, "donothing_reward": 68333.38479614258, "donothing_nodisc_reward": 281723.79486083984}