{"dn_played": 864, "donothing_reward": 226567.76824951172, "donothing_nodisc_reward": 226567.76824951172}