{"dn_played": 864, "donothing_reward": 242559.67391967773, "donothing_nodisc_reward": 242559.67391967773}