{"dn_played": 805, "donothing_reward": 213595.609375, "donothing_nodisc_reward": 234072.20596313477}