{"dn_played": 5, "donothing_reward": 2085.6832275390625, "donothing_nodisc_reward": 240721.7936706543}