{"dn_played": 229, "donothing_reward": 67925.10202026367, "donothing_nodisc_reward": 265547.59765625}