{"dn_played": 518, "donothing_reward": 154779.203125, "donothing_nodisc_reward": 274299.1795349121}