{"dn_played": 524, "donothing_reward": 158663.4041748047, "donothing_nodisc_reward": 274782.3596191406}