{"dn_played": 5, "donothing_reward": 2040.27978515625, "donothing_nodisc_reward": 237029.37057495117}