{"dn_played": 797, "donothing_reward": 219815.5477294922, "donothing_nodisc_reward": 246054.88342285156}