{"dn_played": 488, "donothing_reward": 123019.7728881836, "donothing_nodisc_reward": 252627.11502075195}