{"dn_played": 97, "donothing_reward": 28707.942749023438, "donothing_nodisc_reward": 270345.78704833984}