{"dn_played": 517, "donothing_reward": 133413.4836730957, "donothing_nodisc_reward": 244059.35684204102}