{"dn_played": 221, "donothing_reward": 69247.26739501953, "donothing_nodisc_reward": 273693.9779663086}