{"dn_played": 90, "donothing_reward": 26943.314910888672, "donothing_nodisc_reward": 270121.19873046875}