{"dn_played": 5, "donothing_reward": 2171.6942749023438, "donothing_nodisc_reward": 288131.0859680176}