{"dn_played": 509, "donothing_reward": 155256.98068237305, "donothing_nodisc_reward": 278832.6953125}