{"dn_played": 509, "donothing_reward": 132557.62109375, "donothing_nodisc_reward": 242559.9772644043}