{"dn_played": 5, "donothing_reward": 2285.3032836914062, "donothing_nodisc_reward": 237267.89352416992}