{"dn_played": 232, "donothing_reward": 70600.62707519531, "donothing_nodisc_reward": 286580.03524780273}