{"dn_played": 200, "donothing_reward": 58079.892974853516, "donothing_nodisc_reward": 279721.61071777344}