{"dn_played": 776, "donothing_reward": 201238.82989501953, "donothing_nodisc_reward": 234243.83499145508}