{"dn_played": 864, "donothing_reward": 204643.10302734375, "donothing_nodisc_reward": 204643.10302734375}