{"dn_played": 864, "donothing_reward": 214829.77569580078, "donothing_nodisc_reward": 214829.77569580078}