{"dn_played": 811, "donothing_reward": 242305.34524536133, "donothing_nodisc_reward": 261068.86016845703}