{"dn_played": 864, "donothing_reward": 251056.78268432617, "donothing_nodisc_reward": 251056.78268432617}