{"dn_played": 864, "donothing_reward": 228966.6781616211, "donothing_nodisc_reward": 228966.6781616211}