{"dn_played": 864, "donothing_reward": 215651.71173095703, "donothing_nodisc_reward": 215651.71173095703}