{"dn_played": 864, "donothing_reward": 204012.78366088867, "donothing_nodisc_reward": 204012.78366088867}