{"dn_played": 523, "donothing_reward": 155851.37506103516, "donothing_nodisc_reward": 275200.3462219238}