{"dn_played": 864, "donothing_reward": 255527.5958251953, "donothing_nodisc_reward": 255527.5958251953}