{"dn_played": 864, "donothing_reward": 251756.42700195312, "donothing_nodisc_reward": 251756.42700195312}