{"dn_played": 452, "donothing_reward": 122397.31164550781, "donothing_nodisc_reward": 234244.16397094727}