{"dn_played": 164, "donothing_reward": 41327.712493896484, "donothing_nodisc_reward": 231588.1202697754}