{"dn_played": 864, "donothing_reward": 205416.5348815918, "donothing_nodisc_reward": 205416.5348815918}