{"dn_played": 864, "donothing_reward": 222491.38870239258, "donothing_nodisc_reward": 222491.38870239258}