{"dn_played": 235, "donothing_reward": 70216.93872070312, "donothing_nodisc_reward": 263865.62911987305}