{"dn_played": 864, "donothing_reward": 209642.05429077148, "donothing_nodisc_reward": 209642.05429077148}