{"dn_played": 864, "donothing_reward": 206185.9634399414, "donothing_nodisc_reward": 206185.9634399414}