{"dn_played": 864, "donothing_reward": 231188.50204467773, "donothing_nodisc_reward": 231188.50204467773}