{"dn_played": 864, "donothing_reward": 259279.37301635742, "donothing_nodisc_reward": 259279.37301635742}