{"dn_played": 864, "donothing_reward": 248940.1596069336, "donothing_nodisc_reward": 248940.1596069336}