{"dn_played": 120, "donothing_reward": 30019.356475830078, "donothing_nodisc_reward": 222988.5514831543}