{"dn_played": 864, "donothing_reward": 240065.38772583008, "donothing_nodisc_reward": 240065.38772583008}