{"dn_played": 864, "donothing_reward": 211983.7794494629, "donothing_nodisc_reward": 211983.7794494629}