{"dn_played": 864, "donothing_reward": 255264.31610107422, "donothing_nodisc_reward": 255264.31610107422}