{"dn_played": 740, "donothing_reward": 198846.47607421875, "donothing_nodisc_reward": 236091.79077148438}