{"dn_played": 864, "donothing_reward": 222300.56671142578, "donothing_nodisc_reward": 222300.56671142578}