{"dn_played": 864, "donothing_reward": 257470.0082397461, "donothing_nodisc_reward": 257470.0082397461}