{"dn_played": 864, "donothing_reward": 245596.14395141602, "donothing_nodisc_reward": 245596.14395141602}