{"dn_played": 808, "donothing_reward": 231918.49069213867, "donothing_nodisc_reward": 252105.4817199707}