{"dn_played": 864, "donothing_reward": 225665.70861816406, "donothing_nodisc_reward": 225665.70861816406}