{"dn_played": 864, "donothing_reward": 258958.93844604492, "donothing_nodisc_reward": 258958.93844604492}