{"dn_played": 116, "donothing_reward": 32555.480743408203, "donothing_nodisc_reward": 267517.16690063477}