{"dn_played": 864, "donothing_reward": 223452.43286132812, "donothing_nodisc_reward": 223452.43286132812}