{"dn_played": 864, "donothing_reward": 246615.5157470703, "donothing_nodisc_reward": 246615.5157470703}