{"dn_played": 864, "donothing_reward": 220912.11517333984, "donothing_nodisc_reward": 220912.11517333984}