{"dn_played": 864, "donothing_reward": 235537.10037231445, "donothing_nodisc_reward": 235537.10037231445}