{"dn_played": 864, "donothing_reward": 259955.87661743164, "donothing_nodisc_reward": 259955.87661743164}