{"dn_played": 810, "donothing_reward": 218762.66275024414, "donothing_nodisc_reward": 239184.5002746582}