{"dn_played": 520, "donothing_reward": 151577.4144897461, "donothing_nodisc_reward": 263020.916595459}