{"dn_played": 522, "donothing_reward": 154553.29034423828, "donothing_nodisc_reward": 265534.04220581055}