{"dn_played": 864, "donothing_reward": 219452.55279541016, "donothing_nodisc_reward": 219452.55279541016}