{"dn_played": 234, "donothing_reward": 71622.47689819336, "donothing_nodisc_reward": 270036.96502685547}