{"dn_played": 805, "donothing_reward": 245851.53161621094, "donothing_nodisc_reward": 268375.18280029297}