{"dn_played": 517, "donothing_reward": 155292.61727905273, "donothing_nodisc_reward": 257806.98471069336}