{"dn_played": 232, "donothing_reward": 67706.15655517578, "donothing_nodisc_reward": 260632.77221679688}