{"dn_played": 864, "donothing_reward": 239930.89920043945, "donothing_nodisc_reward": 239930.89920043945}