{"dn_played": 864, "donothing_reward": 215153.91342163086, "donothing_nodisc_reward": 215153.91342163086}