{"dn_played": 809, "donothing_reward": 196992.44485473633, "donothing_nodisc_reward": 217539.1600036621}