{"dn_played": 521, "donothing_reward": 129801.17028808594, "donothing_nodisc_reward": 236988.43612670898}