{"dn_played": 233, "donothing_reward": 63321.64498901367, "donothing_nodisc_reward": 262719.33212280273}