{"dn_played": 404, "donothing_reward": 119196.03143310547, "donothing_nodisc_reward": 264539.9708557129}