{"dn_played": 864, "donothing_reward": 217731.49765014648, "donothing_nodisc_reward": 217731.49765014648}