{"dn_played": 222, "donothing_reward": 72657.24877929688, "donothing_nodisc_reward": 290199.0232849121}