{"dn_played": 514, "donothing_reward": 153423.29919433594, "donothing_nodisc_reward": 272856.10244750977}