{"dn_played": 864, "donothing_reward": 271547.140045166, "donothing_nodisc_reward": 271547.140045166}