{"dn_played": 799, "donothing_reward": 204270.06616210938, "donothing_nodisc_reward": 229531.21551513672}