{"dn_played": 864, "donothing_reward": 249092.48672485352, "donothing_nodisc_reward": 249092.48672485352}