{"dn_played": 864, "donothing_reward": 234074.38705444336, "donothing_nodisc_reward": 234074.38705444336}