{"dn_played": 91, "donothing_reward": 28152.57730102539, "donothing_nodisc_reward": 283240.34118652344}