{"dn_played": 802, "donothing_reward": 233891.12435913086, "donothing_nodisc_reward": 257546.86767578125}