{"dn_played": 809, "donothing_reward": 206841.95413208008, "donothing_nodisc_reward": 226522.70553588867}