{"dn_played": 232, "donothing_reward": 74373.77725219727, "donothing_nodisc_reward": 254689.12857055664}