{"dn_played": 222, "donothing_reward": 67091.32485961914, "donothing_nodisc_reward": 269426.9398498535}