{"dn_played": 223, "donothing_reward": 67119.35540771484, "donothing_nodisc_reward": 280916.23138427734}