{"dn_played": 226, "donothing_reward": 70527.97708129883, "donothing_nodisc_reward": 284244.83306884766}