{"dn_played": 510, "donothing_reward": 149185.87884521484, "donothing_nodisc_reward": 271943.419342041}