{"dn_played": 90, "donothing_reward": 26158.916717529297, "donothing_nodisc_reward": 266203.3840942383}