{"dn_played": 521, "donothing_reward": 134194.97872924805, "donothing_nodisc_reward": 245560.73379516602}