{"dn_played": 511, "donothing_reward": 134620.81384277344, "donothing_nodisc_reward": 253337.45651245117}