{"dn_played": 88, "donothing_reward": 25098.13623046875, "donothing_nodisc_reward": 279957.71865844727}