{"dn_played": 89, "donothing_reward": 26724.27117919922, "donothing_nodisc_reward": 234032.0704650879}