{"dn_played": 91, "donothing_reward": 26714.206329345703, "donothing_nodisc_reward": 262708.08807373047}