{"dn_played": 229, "donothing_reward": 65643.90054321289, "donothing_nodisc_reward": 246958.3999633789}