{"dn_played": 798, "donothing_reward": 209246.88180541992, "donothing_nodisc_reward": 234914.10720825195}