{"dn_played": 864, "donothing_reward": 209215.2130126953, "donothing_nodisc_reward": 209215.2130126953}