{"dn_played": 233, "donothing_reward": 67093.93640136719, "donothing_nodisc_reward": 267353.92791748047}