{"dn_played": 864, "donothing_reward": 274197.88482666016, "donothing_nodisc_reward": 274197.88482666016}