{"dn_played": 808, "donothing_reward": 225858.0913696289, "donothing_nodisc_reward": 246455.06134033203}