{"dn_played": 864, "donothing_reward": 241188.1007385254, "donothing_nodisc_reward": 241188.1007385254}