{"dn_played": 864, "donothing_reward": 244483.1753540039, "donothing_nodisc_reward": 244483.1753540039}