{"dn_played": 864, "donothing_reward": 216896.4141845703, "donothing_nodisc_reward": 216896.4141845703}