{"dn_played": 864, "donothing_reward": 259536.29959106445, "donothing_nodisc_reward": 259536.29959106445}