{"dn_played": 709, "donothing_reward": 168142.88201904297, "donothing_nodisc_reward": 215118.96041870117}