{"dn_played": 864, "donothing_reward": 248499.2790222168, "donothing_nodisc_reward": 248499.2790222168}