{"dn_played": 515, "donothing_reward": 146105.41635131836, "donothing_nodisc_reward": 271510.12130737305}