{"dn_played": 133, "donothing_reward": 36684.133850097656, "donothing_nodisc_reward": 250723.51684570312}