{"dn_played": 864, "donothing_reward": 218717.2003173828, "donothing_nodisc_reward": 218717.2003173828}