{"dn_played": 864, "donothing_reward": 267842.57568359375, "donothing_nodisc_reward": 267842.57568359375}