{"dn_played": 864, "donothing_reward": 221802.95639038086, "donothing_nodisc_reward": 221802.95639038086}