{"dn_played": 421, "donothing_reward": 102262.01928710938, "donothing_nodisc_reward": 230231.82006835938}