{"dn_played": 232, "donothing_reward": 71575.52362060547, "donothing_nodisc_reward": 265500.23208618164}