{"dn_played": 864, "donothing_reward": 219850.94589233398, "donothing_nodisc_reward": 219850.94589233398}