{"dn_played": 227, "donothing_reward": 66745.36767578125, "donothing_nodisc_reward": 278485.01739501953}