{"dn_played": 803, "donothing_reward": 210854.02032470703, "donothing_nodisc_reward": 234690.58166503906}