{"dn_played": 864, "donothing_reward": 259069.7361755371, "donothing_nodisc_reward": 259069.7361755371}