{"dn_played": 520, "donothing_reward": 151575.2643737793, "donothing_nodisc_reward": 258645.66665649414}