{"dn_played": 864, "donothing_reward": 230887.07244873047, "donothing_nodisc_reward": 230887.07244873047}