{"dn_played": 864, "donothing_reward": 207986.5557861328, "donothing_nodisc_reward": 207986.5557861328}