{"dn_played": 864, "donothing_reward": 239208.60122680664, "donothing_nodisc_reward": 239208.60122680664}