{"dn_played": 864, "donothing_reward": 252348.85391235352, "donothing_nodisc_reward": 252348.85391235352}