{"dn_played": 864, "donothing_reward": 218313.05435180664, "donothing_nodisc_reward": 218313.05435180664}