{"dn_played": 521, "donothing_reward": 132947.1979675293, "donothing_nodisc_reward": 240277.1287536621}