{"dn_played": 519, "donothing_reward": 162262.74102783203, "donothing_nodisc_reward": 263683.23669433594}