{"dn_played": 864, "donothing_reward": 214776.7950439453, "donothing_nodisc_reward": 214776.7950439453}