{"dn_played": 376, "donothing_reward": 108297.82846069336, "donothing_nodisc_reward": 270332.10235595703}