{"dn_played": 813, "donothing_reward": 250927.05499267578, "donothing_nodisc_reward": 269190.22521972656}