{"dn_played": 237, "donothing_reward": 71694.24356079102, "donothing_nodisc_reward": 267725.17166137695}