{"dn_played": 239, "donothing_reward": 68350.10400390625, "donothing_nodisc_reward": 251084.23538208008}