{"dn_played": 864, "donothing_reward": 236107.91076660156, "donothing_nodisc_reward": 236107.91076660156}