{"dn_played": 807, "donothing_reward": 241133.92724609375, "donothing_nodisc_reward": 262103.4750366211}