{"dn_played": 813, "donothing_reward": 206516.06896972656, "donothing_nodisc_reward": 222401.05819702148}