{"dn_played": 864, "donothing_reward": 226434.39163208008, "donothing_nodisc_reward": 226434.39163208008}