{"dn_played": 864, "donothing_reward": 212570.98434448242, "donothing_nodisc_reward": 212570.98434448242}