{"dn_played": 864, "donothing_reward": 263130.1121520996, "donothing_nodisc_reward": 263130.1121520996}