{"dn_played": 809, "donothing_reward": 198746.8497619629, "donothing_nodisc_reward": 218190.6900024414}