{"dn_played": 527, "donothing_reward": 148502.59591674805, "donothing_nodisc_reward": 249684.49493408203}