{"dn_played": 864, "donothing_reward": 254785.83465576172, "donothing_nodisc_reward": 254785.83465576172}