{"dn_played": 237, "donothing_reward": 75683.03338623047, "donothing_nodisc_reward": 231187.07397460938}