{"dn_played": 811, "donothing_reward": 202742.95083618164, "donothing_nodisc_reward": 219746.20651245117}