{"dn_played": 864, "donothing_reward": 248743.71826171875, "donothing_nodisc_reward": 248743.71826171875}