{"dn_played": 231, "donothing_reward": 74173.30911254883, "donothing_nodisc_reward": 241393.45657348633}