{"dn_played": 864, "donothing_reward": 220335.78369140625, "donothing_nodisc_reward": 220335.78369140625}