{"dn_played": 233, "donothing_reward": 66626.81329345703, "donothing_nodisc_reward": 258178.65356445312}