{"dn_played": 88, "donothing_reward": 27693.274932861328, "donothing_nodisc_reward": 272613.29849243164}