{"dn_played": 525, "donothing_reward": 166705.1455078125, "donothing_nodisc_reward": 259972.49969482422}