{"dn_played": 235, "donothing_reward": 65502.080474853516, "donothing_nodisc_reward": 250467.20336914062}