{"dn_played": 523, "donothing_reward": 127738.7668762207, "donothing_nodisc_reward": 232099.33624267578}