{"dn_played": 527, "donothing_reward": 157666.42221069336, "donothing_nodisc_reward": 258681.2957763672}