{"dn_played": 864, "donothing_reward": 206538.42971801758, "donothing_nodisc_reward": 206538.42971801758}