{"dn_played": 864, "donothing_reward": 257542.7212524414, "donothing_nodisc_reward": 257542.7212524414}