{"dn_played": 422, "donothing_reward": 92717.32446289062, "donothing_nodisc_reward": 230349.41207885742}