{"dn_played": 234, "donothing_reward": 68620.08187866211, "donothing_nodisc_reward": 267697.3696899414}