{"dn_played": 134, "donothing_reward": 34574.74725341797, "donothing_nodisc_reward": 267144.02725219727}