{"dn_played": 239, "donothing_reward": 73918.99942016602, "donothing_nodisc_reward": 246408.72329711914}