{"dn_played": 522, "donothing_reward": 141122.95037841797, "donothing_nodisc_reward": 241218.6701965332}