{"dn_played": 240, "donothing_reward": 76324.57009887695, "donothing_nodisc_reward": 259213.94134521484}