{"dn_played": 524, "donothing_reward": 160997.15798950195, "donothing_nodisc_reward": 263067.83782958984}