{"dn_played": 710, "donothing_reward": 164192.17477416992, "donothing_nodisc_reward": 212355.10116577148}