{"dn_played": 528, "donothing_reward": 160977.7610168457, "donothing_nodisc_reward": 261939.90921020508}