{"dn_played": 816, "donothing_reward": 242362.90063476562, "donothing_nodisc_reward": 259449.55688476562}