{"dn_played": 864, "donothing_reward": 236870.8644104004, "donothing_nodisc_reward": 236870.8644104004}