{"dn_played": 234, "donothing_reward": 71967.51870727539, "donothing_nodisc_reward": 255810.66131591797}