{"dn_played": 864, "donothing_reward": 213832.7018737793, "donothing_nodisc_reward": 213832.7018737793}