{"dn_played": 864, "donothing_reward": 215341.1476135254, "donothing_nodisc_reward": 215341.1476135254}