{"dn_played": 810, "donothing_reward": 205381.44326782227, "donothing_nodisc_reward": 222833.54873657227}