{"dn_played": 864, "donothing_reward": 250098.0499267578, "donothing_nodisc_reward": 250098.0499267578}