{"dn_played": 238, "donothing_reward": 67564.02139282227, "donothing_nodisc_reward": 256421.5313720703}