{"dn_played": 864, "donothing_reward": 214182.06100463867, "donothing_nodisc_reward": 214182.06100463867}