{"dn_played": 864, "donothing_reward": 230061.2078857422, "donothing_nodisc_reward": 230061.2078857422}