{"dn_played": 104, "donothing_reward": 31375.17495727539, "donothing_nodisc_reward": 214520.80627441406}