{"dn_played": 236, "donothing_reward": 66059.96560668945, "donothing_nodisc_reward": 240948.29177856445}