{"dn_played": 864, "donothing_reward": 234835.75561523438, "donothing_nodisc_reward": 234835.75561523438}