{"dn_played": 864, "donothing_reward": 229611.17141723633, "donothing_nodisc_reward": 229611.17141723633}