{"dn_played": 231, "donothing_reward": 55005.7900390625, "donothing_nodisc_reward": 230368.31985473633}