{"dn_played": 864, "donothing_reward": 221809.0008544922, "donothing_nodisc_reward": 221809.0008544922}