{"dn_played": 864, "donothing_reward": 201739.86221313477, "donothing_nodisc_reward": 201739.86221313477}