{"dn_played": 864, "donothing_reward": 239534.22256469727, "donothing_nodisc_reward": 239534.22256469727}