{"dn_played": 664, "donothing_reward": 196204.64151000977, "donothing_nodisc_reward": 263427.586517334}