{"dn_played": 864, "donothing_reward": 204832.85583496094, "donothing_nodisc_reward": 204832.85583496094}