{"dn_played": 864, "donothing_reward": 266693.54110717773, "donothing_nodisc_reward": 266693.54110717773}