{"dn_played": 864, "donothing_reward": 225619.56604003906, "donothing_nodisc_reward": 225619.56604003906}