{"dn_played": 864, "donothing_reward": 253160.0714111328, "donothing_nodisc_reward": 253160.0714111328}