{"dn_played": 130, "donothing_reward": 36121.39093017578, "donothing_nodisc_reward": 226803.10607910156}