{"dn_played": 864, "donothing_reward": 238069.39865112305, "donothing_nodisc_reward": 238069.39865112305}