{"dn_played": 864, "donothing_reward": 200464.38201904297, "donothing_nodisc_reward": 200464.38201904297}