{"dn_played": 864, "donothing_reward": 254260.00900268555, "donothing_nodisc_reward": 254260.00900268555}