{"dn_played": 376, "donothing_reward": 113310.16961669922, "donothing_nodisc_reward": 251096.39266967773}