{"dn_played": 864, "donothing_reward": 249234.74472045898, "donothing_nodisc_reward": 249234.74472045898}