{"dn_played": 864, "donothing_reward": 217118.04809570312, "donothing_nodisc_reward": 217118.04809570312}