{"dn_played": 864, "donothing_reward": 253545.50720214844, "donothing_nodisc_reward": 253545.50720214844}