{"dn_played": 864, "donothing_reward": 237203.11553955078, "donothing_nodisc_reward": 237203.11553955078}