{"dn_played": 137, "donothing_reward": 31293.750396728516, "donothing_nodisc_reward": 237301.89804077148}