{"dn_played": 864, "donothing_reward": 206549.64065551758, "donothing_nodisc_reward": 206549.64065551758}