{"dn_played": 864, "donothing_reward": 214656.5380859375, "donothing_nodisc_reward": 214656.5380859375}