{"dn_played": 418, "donothing_reward": 117315.65301513672, "donothing_nodisc_reward": 242319.9920654297}