{"dn_played": 864, "donothing_reward": 258440.0245666504, "donothing_nodisc_reward": 258440.0245666504}