{"dn_played": 864, "donothing_reward": 232066.64443969727, "donothing_nodisc_reward": 232066.64443969727}