{"dn_played": 864, "donothing_reward": 249937.98538208008, "donothing_nodisc_reward": 249937.98538208008}