{"dn_played": 517, "donothing_reward": 116670.52529907227, "donothing_nodisc_reward": 211423.3853149414}