{"dn_played": 864, "donothing_reward": 247774.0138244629, "donothing_nodisc_reward": 247774.0138244629}