{"dn_played": 395, "donothing_reward": 107917.96395874023, "donothing_nodisc_reward": 259958.05450439453}