{"dn_played": 670, "donothing_reward": 193823.4526977539, "donothing_nodisc_reward": 251969.033203125}