{"dn_played": 92, "donothing_reward": 23584.995056152344, "donothing_nodisc_reward": 248019.4367980957}