{"dn_played": 382, "donothing_reward": 108039.51333618164, "donothing_nodisc_reward": 244885.22674560547}