{"dn_played": 864, "donothing_reward": 238656.23184204102, "donothing_nodisc_reward": 238656.23184204102}