{"dn_played": 389, "donothing_reward": 105259.66119384766, "donothing_nodisc_reward": 240944.18380737305}