{"dn_played": 111, "donothing_reward": 27143.611083984375, "donothing_nodisc_reward": 249768.28857421875}