{"dn_played": 449, "donothing_reward": 114578.54898071289, "donothing_nodisc_reward": 199181.6941833496}