{"dn_played": 407, "donothing_reward": 82287.61071777344, "donothing_nodisc_reward": 215112.01553344727}