{"dn_played": 378, "donothing_reward": 86525.84069824219, "donothing_nodisc_reward": 232413.12072753906}