{"dn_played": 864, "donothing_reward": 205582.18353271484, "donothing_nodisc_reward": 205582.18353271484}