{"dn_played": 864, "donothing_reward": 210871.60552978516, "donothing_nodisc_reward": 210871.60552978516}