{"dn_played": 864, "donothing_reward": 239211.34628295898, "donothing_nodisc_reward": 239211.34628295898}