{"dn_played": 94, "donothing_reward": 24432.071319580078, "donothing_nodisc_reward": 225729.12796020508}