{"dn_played": 119, "donothing_reward": 26257.392669677734, "donothing_nodisc_reward": 238593.8410949707}