{"dn_played": 101, "donothing_reward": 27335.679565429688, "donothing_nodisc_reward": 236113.41262817383}