{"dn_played": 161, "donothing_reward": 35878.416076660156, "donothing_nodisc_reward": 196163.68438720703}