{"dn_played": 102, "donothing_reward": 26055.333038330078, "donothing_nodisc_reward": 222547.0994567871}