{"dn_played": 864, "donothing_reward": 205117.64846801758, "donothing_nodisc_reward": 205117.64846801758}