{"dn_played": 864, "donothing_reward": 224847.25784301758, "donothing_nodisc_reward": 224847.25784301758}