{"dn_played": 107, "donothing_reward": 28405.920349121094, "donothing_nodisc_reward": 257349.75875854492}