{"dn_played": 864, "donothing_reward": 228925.89965820312, "donothing_nodisc_reward": 228925.89965820312}