{"dn_played": 692, "donothing_reward": 154513.56393432617, "donothing_nodisc_reward": 203330.8807373047}