{"dn_played": 404, "donothing_reward": 89267.77261352539, "donothing_nodisc_reward": 216009.07104492188}