{"dn_played": 116, "donothing_reward": 25603.27783203125, "donothing_nodisc_reward": 233640.53466796875}